作品关键词,,,,,,
"序
号",图集名称,中文关键词,英文关键词,成品效果样板图,,备注
,,,,,,
1,玫瑰墓地,一个美丽的红色玫瑰花园，星夜，宁静的景观，沉默，由beeple，杉本博司，艺术站一个伟大的墓地和玫瑰，星夜，宁静的景观，沉默，由beeple，杉本博司，艺术站,"A beautiful red rose garden, starry night，serene landscape, silcence, by beeple，Hiroshi Sugimoto，artstation，A great cemetery and rose，starry night，serene landscape, silcence, by beeple，Hiroshi Sugimoto，artstation",,,
2,"冬天
海上红梅",一幅美丽的画，广角，在海面上，多云，下雪，红梅，早晨，冬天，童话，超写实的画风，杉本博，Ayu，艺术站,"A beautiful painting,Wide angle,On sea surface,Cloudy,Snowfall,Red plum blossoms,Morning,Winter,Fairy tale,Super realistic painting style,Hiroshi sugimoto,Ayu,artstation",,,
3,,Zeen Chin超现实主义风格一幅美丽的绘画，描绘了星空、层层巨浪、深蓝色海水、不同大小的粉色玫瑰、浪漫、梦幻、月光、托马斯·金卡德、超细节、插图、4k、艺术站趋势、上图+超广角、格雷格·鲁特科夫斯基、艺术站潮流。,"Zeen Chin Hyperrealistic style A beautiful painting of starry sky, layer upon layer of huge waves, deep blue water, pink roses of different sizes, romantic, dreamlike, moonlight, Thomas Kinkade, ultradetailed, illustration, 4k， trends on Artstation, above+super wide angle, Greg Rutkowski, trends on Artstation.",,,
4,,一幅史诗般的CG哑光画，开阔的视野，淡绿色的云朵，迪斯尼城堡，云朵上开满了鲜花，几滴水珠从云朵上落下，淡绿色玫瑰的海洋，由Zeen Chin创作，高清图片，虚幻引擎，在artstation上流行,"An epic CG matte painting , expansive view , pale green clouds,Disney Castle with a garden full of flowers on the clouds , several waterfulls drops from the clouds , A sea of pale green roses , by Zeen Chin , high - definition picture , Unreal Engine , Trending on artstation",,,
5,,一个美丽的史诗cg的史诗壮丽的奇观，命运的巨大钥匙，失落的土地，周围的废墟，Makoto Shinkai，幻想，高清，超宽，WLOP，童话风格，灯光效果，虚幻引擎，壮丽的场景，虚拟引擎，明亮，壮丽和非常广阔，统一引擎，光线追踪，现实纹理材料。,"A beautiful epic cg of an Epic magnificent spectacle，A gigantic key of destiny, the lost land, the ruined landscape all around, Makoto Shinkai, fantasy, HD, ultra-wide, WLOP, fairy tale style, lighting effects, Unreal Engine，Magnificent scenes，virtual engines，bright，Magnificent and very vast，Unity engine，ray tracing，Realistic texture materials.",,,
6,,"
史诗cg哑光画，微距拍摄，在山上，桥，桥，金叶，火花，晚上，冬天，高清晰度图片，哑光绘画，在玛雅渲染，托马斯·金卡德，詹姆斯·格尼","An epic cg matte painting,Macro shot,On mountains,Bridge,Bridge,Gold leaves,Fire flowers,Evening,Winter,High-definition picture,Matte painting,Rendered in maya,Thomas kinkade,James gurney,artstation",,,
7,,"
一幅真实的摄影风景画，具有无与伦比的真实感、开阔的视野、海面、星星、阳光、冬天、灯光效果、真实感、丹尼斯·萨拉金","A real photographic landscape painting with incomparable reality,Expansive view,On sea surface,Stars,Sunshine,Winter,Light effect,Realistic,Denis sarazhin,artstation",,,
8,,"
美丽的绘画，广角，海面，多云，降雪，红色梅花，早晨，冬天，童话，超现实主义绘画风格，杉本宏，阿玉","A beautiful painting,Wide angle,On sea surface,Cloudy,Snowfall,Red plum blossoms,Morning,Winter,Fairy tale,Super realistic painting style,Hiroshi sugimoto,Ayu,artstation",,,
9,冬天的城堡湖景,冬天，晨光，远处的湖景，城堡，云彩，阳光，童话，灯光效果，幻想，托马斯·金凯德，虚幻引擎，超写实风格，4K，超广角，艺术站,"Winter, morning light, distant view of the lake, castle, clouds, sunshine, fairy tale, lighting effects, fantasy, Thomas Kincaid, Unreal Engine, hyperrealistic style, 4K, ultra wide Angle, art station",,,
10,清晨城堡,"远处金色的城堡，雾气缭绕，金色色调，Anton Fadeev
","Golden castle in the distance, misty, golden hues, Anton Fadeev",,,
11,"海面星空
山水画",一个真实的摄影山水画与无与伦比的现实，广阔的视野，在海面上，星星，阳光，冬天，光效果，现实主义，丹尼斯萨拉欣，艺术站,"A real photographic landscape painting with incomparable reality,Expansive view,On sea surface,Stars,Sunshine,Winter,Light effect,Realistic,Denis sarazhin,artstation",,,
12,"城堡
海浪
山水画",一幅真实的摄影山水画，无可比拟的现实，广阔的视野，中国龙，巨大的波浪，星星，宁静的风景，城堡，夜晚，童话，体积照明，Zbrush中央，Lee madgwick，艺术站,"A real photographic landscape painting with incomparable reality,An expansive view of,Chinese dragon,Huge waves,Stars,Serene landscape,Castle,Evening,Fairy tale,Volumetric lighting,Zbrush central,Lee madgwick ,artstation",,,
13,桥、金叶、火花,"史诗cg哑光绘画，微距离拍摄，在山上，桥，桥，金叶，火花，晚上，冬天，高清图片，哑光绘画，maya渲染，Thomas kinkade,James gurney，艺术站","An epic cg matte painting,Macro shot,On mountains,Bridge,Bridge,Gold leaves,Fire flowers,Evening,Winter,High-definition picture,Matte painting,Rendered in maya,Thomas kinkade,James gurney,artstation",,,
14,降雪的梅花城堡,"史诗cg哑光绘画，尽你所能，在岛屿，城堡，红色的梅花，降雪，蝴蝶，明亮的风格，夏天，在cinema4d渲染，James gurney,Krenz cushart，艺术站","An epic cg matte painting,As far as eye can see,In island,Castle,Red plum blossoms,Snowfall,Butterfly,Bright style,Summer,Rendered in cinema4d,James gurney,Krenz cushart,artstation",,,
15,海底蘑菇,"一幅美丽的画，尽你所能，在海底，蘑菇，月亮，傍晚，空地，在cinema4d中渲染，John howe,Thomas kinkade,artstation","A beautiful painting,As far as eye can see,At the bottom of the sea,Mushrooms,Moon,Evening,Clearing,Rendered in cinema4d,John howe,Thomas kinkade,artstation",,,
16,"海上
彩色玫瑰云",在夏天，蓝灰色的云，彩色的玫瑰盛开在天空和海洋，cgsociety，变化，由数字艺术，超宽镜头，在艺术站渲染。,"expansive view,an oil painting of In summer,  bluish-gray clouds, Colorful roses bloom in the sky and sea,cgsociety，vary，by digital art，ultrawide shot， rendered in artstation.",,,
17,冬天的玫瑰花园,一幅美丽的画，冬天，晨光，远处的湖，大城堡，粉红色的云，红色的玫瑰花园，阳光，童话，灯光效果，幻想，托马斯·金凯德，虚幻引擎，超写实风格，4K，超广角，艺术站，梦幻，浪漫,"A beautiful painting of Winter, morning light, distant view of the lake, large castle, pink clouds, red roses garden, sunshine, fairy tale, lighting effects, fantasy, Thomas Kincaid, Unreal Engine, hyperrealistic style, 4K, ultra wide Angle, art station, dreamlike, romantic",,,
18,"樱花湖
烟花夜景","烟花，夜灯，拱桥，山谷中的中国建筑，雨，淡蓝色的天空，赛博朋克灯光效果，樱花，湖泊，云，WLOP，童话，梦想，广阔的视野，由Greg Rutkowski和James Gurney,vary,4K, artstation.","fireworks, night light,arch bridge,Chinese buildings in vally, rain，Light blue sky，cyberpunk light effect，cherry blossoms,lake, cloud, WLOP,Fairy tale,Dream，expansive view，by Greg Rutkowski and James Gurney,vary，4K，artstation.",,,
19,早晨的玫瑰花园,史诗CG哑光绘画，广阔的视野，早晨，天空，玫瑰花园，云，雾，艺术站，高清图片，虚幻引擎，高清图片。,"An epic CG matte painting,expansive view, Morning, sky, rose garden, clouds, mist,artstation, high-definition picture, Unreal Engine, high-definition picture.",,,
20,岛上樱花,"一幅美丽的画，广阔的视野，在岛上，樱花，莲花，巨大的波浪，蘑菇，早晨，光效果，清晨，夏天，虚幻引擎，Beeple,Ayu，艺术站","A beautiful painting,Expansive view,In island,Cherry blossomo,Lotus,Huge waves,Mushrooms,Morning,Light effect,Early morning,Summer,Unreal engine,Beeple,Ayu,artstation",,,
21,玫瑰长城,"史诗cg哑光绘画，微距拍摄，在花园，多云，红玫瑰，桃花，长城，星夜，清晨，机械，清理，虚幻引擎，Lee madgwick ,Lee madgwick ,艺术站","An epic cg matte painting,Macro shot,In garden,Cloudy,Red rose,Peach blossoms,Great Wall,Starry night,Early morning,Mechanical,Clearing,Unreal engine,Lee madgwick ,Lee madgwick ,artstation",,,
22,"不祥天空
红玫瑰",一个真正的摄影山水画，广阔的视野，不祥的天空，红玫瑰，明亮的风格，光效果，清除，清除，虚幻引擎，托马斯金凯德，艺术站,"A real photographic landscape painting,Expansive view,Ominous sky,Red rose,Bright style,Light effect,Clearing,Clearing,Unreal engine,Thomas kinkade,artstation",,,
23,玫瑰花园,一个美丽的红玫瑰花园，星夜，宁静的风景，沉默，由beeple，杉本博司，艺术站,"A beautiful red rose garden, starry night，serene landscape, silcence, by beeple，Hiroshi Sugimoto，artstation",,,
24,玫瑰教堂1,清晨，金色的玫瑰在天空中盛开，粉红色的云在空中漂浮，地面上有一座教堂，Ivan Aivazovsky的超现实主义作品，大体量照明，在艺术网站Trending,"Golden roses were blooming in the sky at dawn, pink clouds were floating, and there was a church on the ground,ultra-realistic,by Ivan Aivazovsky ,in volumetric lighting, Trending on artstation",,,
25,玫瑰教堂2,黎明时分，粉红色的玫瑰在天空中盛开，粉红色的云漂浮着，很多小粉红玫瑰，地面上有一个金色的教堂，超逼真的，在体积照明中，上面+超广角，Thomas Kinkade，在artstation上的趋势，4k,"pink roses were blooming in the sky at dawn, pink clouds were floating,lots of little pink roses, and there was a golden church on the ground,ultra-realistic ,in volumetric lighting, above+super wide Angle, Thomas Kinkade,Trending on artstation,4k",,,
27,玫瑰城堡1,在晨曦中，湖边有一座城堡。玫瑰花园充满了玫瑰，周围是云雾，它是浪漫和梦幻的，超大的场景，托马斯金凯德，超广角，高清画面，细节，在艺术工作站渲染,"In the morning light, there is a castle by the lake. The rose garden is full of roses,surrounded by clouds and mist, It is romantic and dreamy ,super large scene,Thomas Kincaid,ultra wide Angle,high-definition picture,detailed,rendered in artstation",,,
28,玫瑰城堡2,"远处有一座城堡，笼罩在云中，城堡上长着粉红色的玫瑰，草地上覆盖着粉红色的玫瑰，俯瞰超宽的角度，Thomas Kinkade,Trending on artstation","There is a castle in the distance, shrouded in clouds, long pink roses on the castle, the grass is covered with pink roses, overlooking the super wide Angle, Thomas Kinkade,Trending on artstation",,,
29,玫瑰城堡3,"远处有一座城堡，笼罩在云中，城堡上长着粉色的玫瑰，草地上覆盖着粉色的玫瑰，上面+超广角，Thomas Kinkade, artstation上的趋势","There is a castle in the distance, shrouded in clouds, long pink roses on the castle, the grass is covered with pink roses, above+super wide Angle, Thomas Kinkade,Trending on artstation",,,
30,"玫瑰花园
包围
水晶宫殿",在黎明，天空中有一座由水晶制成的宫殿，反射和笼罩在雾中，被玫瑰花园包围，由AKA Beeple和Thomas Kinkada，灯光效果，艺术工作站，高清图像，虚幻引擎。,"expansive view,At dawn, there was a palace made of crystal in the sky, reflecting and shrouded in mist, surrounded by rose gardens,by AKA Beeple and Thomas Kinkada,light effect, artstation, high-definition picture, Unreal Engine.",,,
31,玫瑰冰城堡,在冬天，有一座冰城堡，冰玫瑰生长在城堡的脚下，托马斯金凯德，艺术站。,"expansive view, In winter, there was an ice castle,Icy roses grew at the foot of the castle,by Thomas kinkade,artstation.",,,
32,玫瑰水晶宫殿,在黎明，天空中有一座由水晶制成的宫殿，反射和笼罩在雾中，被玫瑰花园包围，由AKA Beeple和Thomas Kinkada，灯光效果，艺术工作站，高清图像，虚幻引擎。,"expansive view,At dawn, there was a palace made of crystal in the sky, reflecting and shrouded in mist, surrounded by rose gardens,by AKA Beeple and Thomas Kinkada,light effect, artstation, high-definition picture, Unreal Engine.",,,
33,玫瑰教堂2,冬天，早晨，云彩，红色玫瑰花园和神奇的教堂在英格兰的田野，火，超广角，4k，童话，光效果，梦想，格雷格·鲁特科夫斯基，虚幻引擎，詹姆斯·格尼，艺术站。,"Winter, morning, clouds, red Rose garden and fantastic church in England field, fire, super wide angle, 4k, Fairy tale，light effect，Dream, Greg Rutkowski, unreal engine, James Gurney, artstation.",,,
34,甜品屋,"一幅漂亮的粉黄多层甜品室，黄色的灯光，许多大大小小的甜点散落在云中，许多层的云，梦幻的颜色，甜蜜的气氛，Thomas Kinkade, Ross Tran，超详细，4k，在艺术站趋势。","A beautiful painting of Pink yellow multi-layer dessert room, yellow light, many large and small desserts scattered in the clouds, many layers of clouds, dreamlike color, sweet atmosphere,Thomas Kinkade, Ross Tran,ultradetailed, 4k, Trending on artstation.",,,
36,"桃花源
中国宫殿",一张张美丽的画描绘了中国宫殿的美景，无边无际的桃花池深达数千英尺，许多许多的桃树和桃花覆盖了整个晶莹剔透的湖泊，笼罩在云雾中，粉红色的云漂浮在天空，上面超宽的角度，托马斯金凯德，梦幻，4K，浪漫，Artstation的趋势,"A beautiful painting of a beautiful view of the Chinese palace， The boundless peach blossom pool is thousands of feet deep, many many peach trees and peach blossoms cover the entire crystal clear lake, shrouded in clouds and mist, pink clouds float in the sky, above ultra-wide angle, Thomas Kinkade, dreamlike, 4K, romantic, trends on Artstation",,,
37,梦想玫瑰城堡,清晨，日出，阳光，梦想城堡，瀑布，云，很多小玫瑰，上面+超宽的角度，Thomas Kinkade，在artstation上的趋势,"Morning, sunrise, sunshine, dream castles, waterfalls, clouds, lots of little roses, above+super wide Angle, Thomas Kinkade,Trending on artstation",,,
38,海上玫瑰,夏天的一天，粉红色和白色的云在海上，詹姆斯格尼，一场厚厚的玫瑰，cgsociety，变化，由麦克斯韦尔，超宽拍摄，高清图片，在艺术工作站渲染,"summer day, pink and white clouds over the sea，James Gurney，a field thick with roses，cgsociety，vary，by Maxwell，ultrawide shot，high-definition picture, rendered in artstation",,,
39,沙漠玫瑰,夏天的一天，撒哈拉沙漠上空的粉色和白色的云，詹姆斯·格尼，一大片玫瑰，cgsociety，变化，由麦克斯韦尔，超宽拍摄，高清图片，在艺术工作站渲染。,"summer day, pink and white clouds over the Sahara desert，James Gurney，a field thick with roses，cgsociety，vary，by Maxwell，ultrawide shot，high-definition picture, rendered in artstation.",,,
40,"爱情之路
-
楼梯上的天空玫瑰",夏天的一天，粉红和白色的云在海上，楼梯上的云，詹姆斯格尼，一个厚厚的玫瑰，cgsociety，变化，由麦克斯韦，超宽拍摄，高清图片，在艺术工作站渲染。,"summer day, pink and white clouds over the sea, stairs up to clouds， by James Gurney，a field thick with roses，cgsociety，vary，by Maxwell，ultrawide shot，high-definition picture, rendered in artstation.",,,
41,黎明的粉色玫瑰瀑布,黎明，天空中的城市，金色的云，粉红色的玫瑰瀑布，托马斯·金凯德，罗斯·陈,"Dawn, city in the sky, golden clouds, pink rose waterfall，Thomas Kinkade, Ross Tran",,,
42,"寺庙
粉红色云
玫瑰花园","美丽的寺庙，中午，云中的青色和白色寺庙，浅蓝色的天空，青色和粉红色的云，玫瑰花园，艺术站，由Eliseo H.Zubiri和lan Fisher,cgsociety,vary,Maxwell，超宽镜头，4K","Beautiful temple,at noon, cyan and white temple in the clouds, light blue sky，cyan and pink clouds,rose garden，artstation,by Eliseo H.Zubiri and lan Fisher，cgsociety，vary，Maxwell，ultrawide shot，4K",,,
43,桃花河流瀑布,黎明时分，前面是一条河，河上爬满了紫色的藤蔓，再过去是一条瀑布，云雾缭绕，桃花满山，汤玛斯·金凯德，罗斯·陈，超广角，超精细，插画，4k,"Dawn, the front is a river, the river is covered with purple vines, and then in the past is a waterfall, shrouded in clouds, peach blossoms full in a hill，Thomas Kinkade, Ross Tran, super wide Angle，ultradetailed, illustration, 4k",,,
44,"红色的玫瑰
云中宫殿","清晨，云中的宫殿，浅蓝色的天空，青色的云，红色的玫瑰，蓝色的湖，反射，廷德尔效应，由Eliseo H.Zubiri和lan Fisher,cgsociety,vary,Maxwell，超宽镜头，4k","In the morning,palace in the clouds, light blue sky，cyan  clouds,red rose,Blue lake，reflection,Tyndall effect,by Eliseo H.Zubiri and lan Fisher，cgsociety，vary，Maxwell，ultrawide shot，4k",,,
45,"云中宫殿
青色云
蓝色湖","清晨，云中的宫殿，淡蓝色的天空，青色的云，蓝色的湖，反射，廷德尔效应，由Eliseo H.Zubiri和lan Fisher,cgsociety,vary,Maxwell，超宽镜头，4k","In the morning,palace in the clouds, light blue sky，cyan  clouds,Blue lake，reflection,Tyndall effect,by Eliseo H.Zubiri and lan Fisher，cgsociety，vary，Maxwell，ultrawide shot，4k",,,
46,"云中宫殿
粉色玫瑰
蓝色湖","清晨，云中的宫殿，浅蓝色的天空，青色的云，粉红色的玫瑰，蓝色的湖，反射，廷德尔效应，由Eliseo H.Zubiri和lan Fisher,cgsociety,vary,Maxwell，超宽镜头，4k","In the morning,palace in the clouds, light blue sky，cyan  clouds,pink rose ,Blue lake，reflection,Tyndall effect,by Eliseo H.Zubiri and lan Fisher，cgsociety，vary，Maxwell，ultrawide shot，4k",,,
47,"金色神殿
红色玫瑰
蓝色湖","清晨，云中的金色神庙，浅蓝色的天空，青色的云，红色的玫瑰，蓝色的湖，廷德尔效应，由Eliseo H.Zubiri和lan Fisher,cgsociety,vary,Maxwell，超宽镜头，4k","In the morning,Golden temple in the clouds, light blue sky，cyan  clouds,red rose,Blue lake，Tyndall effect,by Eliseo H.Zubiri and lan Fisher，cgsociety，vary，Maxwell，ultrawide shot，4k",,,
48,"云中水晶宫殿
水晶圆形玫瑰","清晨，云中的水晶宫殿，淡蓝色的天空，青色的云，水晶长出圆形的玫瑰，廷德尔效应，Eliseo H.Zubiri和lan Fisher,cgsociety,vary,Maxwell，超宽镜头，4k","In the morning,A palace made of crystal in the clouds, light blue sky,cyan clouds,The crystal grew round with roses,Tyndall effect,by Eliseo H.Zubiri and lan Fisher,cgsociety,vary,Maxwell,ultrawide shot,4k",,,
49,哈尔的移动城堡,天空云中的斯坦普克城堡，花园里美丽的花朵，童话，格雷格·鲁特考斯基，托马斯·金克特，艺术站，早晨，夏天。,"Stampke Castle in the clouds in the sky, beautiful flowers in the garden, fairy tales, Greg Rutkowski, Thomas Kinkett, Artstation, morning, summer.",,,
50,樱花湖1,一个超写实的CG渲染古代日本，湖泊，宁静的风景，樱花森林，伊万·艾瓦佐夫斯基，在体积照明，艺术站点趋势，Top +超广角，4K,"A ultra-realistic CG rendering of Ancient Japan, lake, serene landscape, cherry blossom forest, by Ivan Aivazovsky, in volumetric lighting, Trending on artstation, Top + Ultra Wide Angle, 4K",,,
51,樱花湖2,一个超写实的CG渲染古代日本，湖泊，宁静的风景，樱花森林，粉红色的樱花，伊万艾瓦佐夫斯基，在体积照明，蓝天，白云，蓝色的水，绿叶在艺术站趋势，Top +超广角，4K,"A ultra-realistic CG rendering of Ancient Japan, lake, serene landscape, cherry blossom forest,Pink cherry blossoms， by Ivan Aivazovsky, in volumetric lighting,Blue sky, white clouds, blue water, green leaves Trending on artstation, Top + Ultra Wide Angle, 4K",,,
52,樱花湖3,由Ivan Aivazovsky制作的古代日本，湖泊，宁静的风景，樱花森林的超写实CG渲染，在体积照明下，蓝天，白云，蓝色的水，绿色的叶子，在艺术站上，Top +超广角，4K,"A ultra-realistic CG rendering of Ancient Japan, lake, serene landscape, cherry blossom forest, by Ivan Aivazovsky, in volumetric lighting,Blue sky, white clouds, blue water, green leavesTrending on artstation, Top + Ultra Wide Angle, 4K",,,
53,紫藤湖泊,一个超写实的CG渲染古代日本，湖泊，宁静的风景，紫色紫藤，伊万艾瓦佐夫斯基，在体积照明，蓝天，白云，蓝色的水，绿叶在艺术站趋势，Top +超广角，4K,"A ultra- realistic CG rendering of Ancient Japan, lake, serene landscape, purple wisterias, by Ivan Aivazovsky, in volumetric lighting,Blue sky, white clouds, blue water, green leaves Trending on artstation, Top + Ultra Wide Angle, 4K",,,
54,地狱之门1,"高清史诗CG哑光绘画，黑色的云海，玫瑰花园，地狱，通过楼梯走上云中的一扇光门。门外是城堡，蓝色的光，金色的光效果，黄色的萤火虫，James Gurney,cgsociety,vary,Maxwell，超宽拍摄，4K。","A HD epic CG matte painting，Black Sea of clouds, rose garden, hell, walk up a light door in the clouds through the stairs. Outside the door is the castle, blue light, tintal light effect, yellow firefly, by James Gurney，cgsociety，vary，Maxwell，ultrawide shot，4K.",,,
55,地狱之门2,"高清史诗CG磨砂画，黑色云海，黑色玫瑰，地狱在底部，云上的时空之门，楼梯，蓝色光，黄色萤火虫，光效果，James Gurney,cgsociety,vary,Maxwell，超宽镜头，4K。","A HD epic CG matte painting，Black Sea of clouds, black roses, hell at the bottom, the gate of time and space on the cloud, stairs, blue light, yellow firefly, light effect, by James Gurney，cgsociety，vary，Maxwell，ultrawide shot，4K.",,,
56,巴比伦的空中花园,广阔的视野，巴比伦的空中花园，瀑布，水，由AKA Beeple和Thomas Kinkada，光效果，艺术工作站，高清图片，虚幻引擎。,"expansive view,Hanging gardens of Babylon, waterfalls, water,by AKA Beeple and Thomas Kinkada,light effect, artstation, high-definition picture, Unreal Engine.",,,
57,龙,"格里格·鲁特考斯基和托马斯·金凯德的《龙息灼烧大地》，4k, artstation Trending，“橙色配色”","""A beautiful painting of Dragon breath burns zhe earth by greg rutkowski and thomas kinkade,4k,Trending on artstation."",""orange color scheme""",,,#NAME?
58,凤凰1,一幅真实的摄影山水画，具有无与伦比的现实，凤凰，彩云，童话，光效果，梦想，丁达光，格雷格·鲁特科夫斯基，虚幻引擎，超写实画风，超宽，艺术。,"A real photographic landscape painting with incomparable reality，the phoenix，Colorful clouds, fairy tale , light effect , Dream , Dindar light , Greg Rutkowski , unreal engine , Super realistic painting style, super wide ,artstation.",,,
59,凤凰2,史诗级CG哑光绘画，深远的镜头，日落，火云，中国凤凰在天空中飞:+8，七色云海，浅蓝色的天空:+2，格雷格·鲁特科夫斯基，油画，艺术工作站，高清图片，虚幻引擎。,"An epic CG matte painting, far-reaching Lens, sunset, Fire Clouds, Chinese Phoenix flying in the sky：+8, Seven-color Sea of clouds, light blue sky：+2,by Greg Rutkowski，oil painting ,artstation, high-definition picture, Unreal Engine.",,,
60,凤凰3,一幅真实的摄影山水画，具有无与伦比的现实，凤凰，彩云，童话，光效果，梦想，丁达光，格雷格·鲁特科夫斯基，虚幻引擎，超写实画风，超宽，艺术。,"A real photographic landscape painting with incomparable reality，the phoenix，Colorful clouds, fairy tale , light effect , Dream , Dindar light , Greg Rutkowski , unreal engine , Super realistic painting style, super wide ,artstation.",,,
61,冬天城堡湖景1,冬天，晨光，远处的湖景，城堡，云彩，芦苇，梅花，阳光，童话，灯光效果，幻想，托马斯·金凯德，虚幻引擎，超写实风格，4K，超广角，艺术站,"Winter, morning light, distant view of the lake, castle, clouds,reed,plum blossom, sunshine, fairy tale, lighting effects, fantasy, Thomas Kincaid, Unreal Engine, hyperrealistic style, 4K, ultra wide Angle, art station",,,
62,冬天城堡湖景2,古日本、冬季、晨光、湖景、城堡、云朵、阳光、童话、灯光效果、幻想、托马斯·金凯德、虚幻引擎、超写实风格、4K、超广角、艺术站的超写实CG渲染,"A ultra-realistic CG rendering of Ancient Japan,Winter, morning light, distant view of the lake, castle, clouds, sunshine, fairy tale, lighting effects, fantasy, Thomas Kincaid, Unreal Engine, hyperrealistic style, 4K, ultra wide Angle, art station",,,
63,冬天桃树湖景,古日本、冬、冬、黎明、蓝天、粉云、湖泊、瀑布、桃树、阳光、童话、灯光效果、幻想、托马斯·金凯德、虚幻引擎、超写实风格、4K、超广角、艺术站的超写实CG渲染,"A ultra-realistic CG rendering of Ancient Japan,Winter,Winter, dawn, blue sky, pink clouds, lakes, waterfalls, peach trees,sunshine, fairy tale, lighting effects, fantasy, Thomas Kincaid, Unreal Engine, hyperrealistic style, 4K, ultra wide Angle, art station",,,
64,海底亚特兰蒂斯梦,海底亚特兰蒂斯梦，光的折射，蓝色的水，超广角，宁静，童话，灯光效果，幻想，托马斯·金凯，虚幻引擎，4K，超广角，艺术站。,"Undersea Atlantis dream, refraction of light, blue water, ultra wide Angle, serenity，fairy tale, lighting effects, fantasy, Thomas Kincaid, Unreal Engine,  4K, ultra wide Angle, art station.",,,
65,海下的亚特兰蒂斯水晶宫,海下的亚特兰蒂斯水晶宫浅蓝色，灯光效果，艺术工作站，高清图片，虚幻引擎，高清图片,"The crystal palace of Atlantis under the seaglows light blue, light effect, artstation, high-definition picture, Unreal Engine, high-definitionpicture",,,
66,夏天麦田星空,史诗级CG哑光绘画，广阔的视野，夏天，夜晚，星星，麦田，光点，光效果，Zeen Chin，高清图片，虚幻引擎，艺术工作站。,"An epic CG matte painting,expansive view, Summer, night, stars, wheat fields ,light spot,light effect, by Zeen Chin,high-definition picture, Unreal Engine,artstation .",,,
67,极光1,史诗级CG哑光绘画，广阔的视野，北极，极光，山脉，湖泊，蓝色的水，云，光效果，Zeen Chin，高清图片，虚幻引擎，艺术工作站,"An epic CG matte painting,expansive view,The North Pole,the aurora, mountains, lakes, blue water, clouds,light effect, by Zeen Chin,high-definition picture, Unreal Engine,artstation ",,,
68,城市夜晚的烟花,史诗CG哑光绘画，广阔的视野，夏天，夜晚，星星，天空中的城市，云，五彩烟花，艺术工作站，高清画面，虚幻引擎，高清画面。,"An epic CG matte painting,expansive view,Summer, night, stars, city in the sky, clouds, colorful fireworks,artstation, high-definition picture, Unreal Engine, high-definition picture.",,,
69,湖泊边的水晶宫殿夜景,一个由水晶，湖泊，反射组成的宫殿，由AKA Beeple和Thomas Kinkada，光效果，艺术工作站，高清图片，虚幻引擎，高清图片。,"expansive view,A palace made of crystal, lake, reflection,by AKA Beeple and Thomas Kinkada,light effect, artstation, high-definition picture, Unreal Engine, high-definitionpicture.",,,
70,赛博朋克之城,俯视赛博朋克之城，飞艇在空中穿梭，雾气弥漫，下雨天，霓虹灯，Marc Simonetti在艺术站,"Looking down at the cyberpunk City, airships shuttle in the air, colorful colors, fog, rainy days, neon lights, Marc Simonetti on artstation.",,,
71,火山与龙,"龙在火山上，云，雾，风暴,闪电，不详，磨砂画，火焰在空中穿梭，详细，加入红色调，加入金色调,A站，Marc Simonetti
","Dragon on A volcano, cloud, fog, storm, lightning, ominous, Matte painting, flames flying through the air, detail, add red, add gold, station A, Marc Simonetti",,,
72,泰姬陵,晨光下的泰姬陵，五彩斑斓的鱼儿穿梭在空中，Anton Fadeev,"Colourful fish float in the sky at the Taj Mahal in the morning light, Anton Fadeev",,,
73,,从下面看夜晚的赛博朋克城市，城市景观，雾，雨，艺术站，格雷格·鲁特科夫斯基,"Cyberpunk city in the night seen from below,cityscape,mist,rain,artstation,Greg Rutkowski",,,
74,,“云环绕山脉和中国宫殿，阳光，湖泊，远眺，远眺，虚幻引擎，光效果，梦想，格雷格·鲁特考斯基，詹姆斯·格尼，艺术站”,"""clouds surround the mountains and Chinese palaces,sunshine,lake,overlook,overlook,unreal engine,light effect,Dream，Greg Rutkowski,James Gurney,artstation""
",,,
75,,“在晨光中，俯瞰东京城市，格雷格·鲁特科夫斯基和托马斯·金凯德，artstationmakoto shinkai style”,"""in the morning light,Overlooking TOKYO city by greg rutkowski and thomas kinkade,Trending on artstationmakoto shinkai style""
",,,
76,,一幅美丽的风景画，暮色中彩云满天，黄龙风景名胜区的彩色水池闪烁着五颜六色的灯光，阿纳托·芬斯塔克在艺术台上,"A beautiful painting of landscape，twilight full of colorful clouds, The colorful pools of Huanglong Scenic and Historic Interest Area glow with colorful lights，Anato Finnstark on artstation",,,
77,,“格雷格画的一幅美丽的龙息燃烧大地鲁特考斯基和托马斯·金凯德，艺术站趋势”，“橙色配色方案," ""A beautiful painting of Dragon breath burns the earth  by greg rutkowski and thomas kinkade, Trending on artstation."",""orange color scheme""”",,,
78,,"云雾环山，雄伟的中国宫殿，俯瞰，虚幻潘恩，梦，格雷格·鲁考斯基，詹姆斯格尼,artstation","Clouds surround mountains and magnificent Chinese palaces,overlook,unreal engine,Dream,Greg Rutkowski,James Gurney,artstation",,,
79,,一幅美丽的画面，一个平静祥和的村庄，人们看到战争机器在远方，而危机正由安东·法迪夫、阿什图来,"A beautiful picture, a calm and peaceful village, people see the war machine in the distance, and the crisis is coming by Anton fadeev。artsation",,,
80,,在晨光中，俯视图，赛博朋克城在云端，宇宙飞船穿梭在空中，暖色调，4K，详细，安东法迪夫的艺术站,"In the morning light, top view, cyberpunk city on the clouds, spaceships shuttle in the air, warm colors, 4K, detailed, Anton fadeev of the art station",,,
81,,九天画的一幅美丽的天堂花园画，在艺术工作站中呈现。光的效果。,"A beautiful painting of heaven garden by empyrean, rendered in artstation.light effect.",,,
82,,宇宙飞船停在近地轨道，宇宙的颜色是牛奶咖啡，艺术站，4k虚幻引擎CGSociety by Aaron Limonick，无敌舰队,"A spaceship is parked in low Earth orbit，The color of the universe is milk coffee，artstation,4k unreal engine CGSociety by Aaron Limonick,Armada",,,
83,,“在一个漆黑的夜晚，远处的天空下有一座巨大的白色城堡，天空中有无数的星星在闪烁，在artstation上Trending”，“4k”，“Thomas Kinkade”，“油画”,"""On a dark night, there was a huge white castle under the sky in the distance, and there were countless stars shining in the sky, Trending on artstation."",""4k"",""by Thomas Kinkade"",""oil painting""",,,
84,,一幅美丽的大明宫画，灯光，雨，雾，未知，紫色的闪电穿过空气，远眺，王俊玲在艺台上,"a Beautiful painting of Daming Palace， lights,rain，fog，unknown，Purple lightning travels through the air,overlook, Junling Wang on artstation",,,
85,,“中午，琥珀和白色的寺庙在云，浅黄色的天空，青色和粉红色的云，艺术站”,"""at noon, amber and white temple in the clouds, light yellow sky, cyan and pink clouds,artstation""",,,
86,,夜空中柔和的月光，古老而优雅的中国建筑屹立在天空中的小岛上，瀑布沿着云雾而下，在monmagnificent john howe景观中，背光，幻想，高清，greg rutkowski，艺术工作站，虚幻的引擎，灯光效果，wlop童话,"soft moonlight in the night sky, Ancient and elegant Chinese buildings stand on small islands in the sky, waterfalls descend along the clouds and mists, in monmagnificent john howe landscape, backlight, fantasy, high-definition, greg rutkowski, artstation, unreal engine, light effect, wlop fairy tale",,,
87,,无人区，美丽的波浪，幻想，童话，暖色系，云，艺术站，维塔利·宝格罗夫，凯莱布·伍斯特”,"No Man's Sky, beautiful waves, fantasy, fairy tales，Warm color department , clouds, art stations, Vitaly Bulgarov , Caleb Worcester""",,,
88,,一幅美丽的海滩画，夕阳照在海浪上，莫奈，8k，超广角，虚幻的引擎，五颜六色的可以,"A beautiful painting of a beach,sunset shone on the wave by Monet，8k，ultra wide angle，unreal engine，colorful could",,,
89,,一幅美丽的中国水彩画，山色晚霞，云海清澈,A beautiful watercolor painting of china mountain sunset sea of clouds，clear,,,
90,,一幅美丽的中国长城的画，夜空中柔和的月光，在壮丽的约翰豪景观，背光，幻想，高清，格雷格鲁特科夫斯基，艺术工作站，虚幻引擎，灯光效果，wlop童话,"a beautiful painting of Great Wall of China, soft moonlight in the night sky, in Magnificent john howe landscape, backlight, fantasy, high-definition, greg rutkowski, artstation, unreal engine, light effect, wlop fairy tale",,,
91,,概念艺术，哑光绘画，刺客信条，港口沐浴在黄色的夕阳，巨大的中世纪蒸汽帆船停在港口，彼得塞维林,"concept art, matte painting, Assassin's Creed, harbour bathed in yellow sunset, Huge medieval steam sailing ship parked in harbour, Peder Severin",,,
92,,1920年夏天法国一条寂静的街道上的一幅美丽的画，中景，没有生物，由greg rutkowski和Thomas kinkade创作，Trending on artstation。,"A beautiful painting of a slience street of France in the summer of 1920, mid range,no living creatures, by greg rutkowskiand Thomas kinkade,Trending on artstation."",""light blue color scheme""""",,,
93,,一幅关于天堂花园，光，天空，魔法的美丽画作，由Jorge Jacinto创作，在artstation上流行，概念艺术,"A beautiful painting of Paradise Garden , light , sky , magic , by Jorge Jacinto , trending on artstation , concept art",,,
94,,“一艘飞船降落在城市上空，由Pablo Carpio以高分辨率渲染，8K，未来，光线追踪，燃烧的地面城市，虚幻引擎，明亮，在艺术站点上的趋势”,"""A spaceship descends over the city,rendered in high resolution by Pablo Carpio,8K,future, ray tracing, burned ground cities，Unreal Engine,bright,Trending on artstation""",,,
95,,“概念艺术，哑光绘画，在一个金色的秋夜，一个华丽的天堂宫殿站在一个宁静的湖上，宏伟的约翰豪景观，幻想，童话，在艺术站上流行，由caleb Worcester和SAMUEL BEAL，虚幻引擎，光效果。”,"""concept art, matte painting, on a golden autumn night, an gorgeous paradise palace standing on a tranquil lake, in Magnificent john howe landscape, fantasy, fairy tale, trending on artstation, by caleb Worcester and SAMUEL BEAL, unreal engine, light effect""",,,
96,,“概念艺术，哑光绘画，在一个金色的秋天的早晨，一个华丽的天堂宫殿站在一个宁静的湖，在壮丽的约翰豪景观，幻想，童话，在艺术站趋势，由卡斯帕大卫弗里德里希，虚幻引擎，光效果”,"""concept art, matte painting, on a golden autumn morning, an gorgeous paradise palace standing on a tranquil lake, in Magnificent john howe landscape, fantasy, fairy tale, trending on artstation, by Caspar David Friedrich, unreal engine, light effect""",,,
97,,“概念艺术，哑光绘画，在一个金色的秋夜，一个华丽的天堂宫殿站在一个宁静的湖上，在壮丽的约翰豪景观，幻想，童话，在艺术站的趋势，由caleb Worcester和SAMUEL BEAL，虚幻引擎，光效果，星光”，“暖色方案”,"""concept art, matte painting, on a golden autumn night, an gorgeous paradise palace standing on a tranquil lake, in Magnificent john howe landscape, fantasy, fairy tale, trending on artstation, by caleb Worcester and SAMUEL BEAL, unreal engine, light effect, starlit"",""warm color scheme""",,,
98,,这是一个美丽的史诗cg，完美地描绘了史诗般的壮丽景象、校园、寂静山、凶杀、恐怖、恐怖气氛、临近的夜晚、破旧的外观、壮丽的场景、虚拟引擎、明亮、壮观和非常广阔、统一引擎、光线追踪、逼真的纹理材质，由lee madgwick、hubert robert创作,"A beautiful epic cg of A perfect depiction of a Epic magnificent spectacle，campus, silent hill, homicide, horror, creepy atmosphere, approaching evening, run-down look，Magnificent scenes，virtual engines，bright，Magnificent and very vast，Unity engine，ray tracing，Realistic texture materials，by lee madgwick，hubert robert",,,
99,,史诗般的CG风景画，开阔的视野，不祥的天空，红玫瑰，明亮的风格，灯光效果，清理，清理，虚幻引擎，托马斯·金卡德，artstation,"An epic CG landscape painting,Expansive view,Ominous sky,Red rose,Bright style,Light effect,Clearing,Clearing,Unreal engine,Thomas kinkade,artstation",,,
