,,
英文关键词,成品效果样板图,备注
,,
"A ultra-realistic CG rendering of Ancient Japan,lake,serene landscape, cherry blossom forest,by Ivan Aivazovsky,in volumetric lighting, Trending on artstation --ar 9:16 ",,
" Ancient ship,Many rose,A few roses,clouds, ultra wide shot, atmospheric, hyper realistic, 8k, epic composition, cinematic, octane render, artstation landscape vista photography by Carr Clifton & Galen Rowell, 16K resolution, Landscape veduta photo by Dustin Lefevre & tdraw, 8k resolution, detailed landscape painting by Ivan Shishkin, DeviantArt, Flickr, rendered in Enscape, Miyazaki, Nausicaa Ghibli, Breath of The Wild, 4k detailed post processing, artstation, rendering by octane, unreal engine --ar 9:16 --iw 1",,
"Garden in factory,Many rose,A few roses,clouds, ultra wide shot, atmospheric, hyper realistic, 8k, epic composition, cinematic, octane render, artstation landscape vista photography by Carr Clifton & Galen Rowell, 16K resolution, Landscape veduta photo by Dustin Lefevre & tdraw, 8k resolution, detailed landscape painting by Ivan Shishkin, DeviantArt, Flickr, rendered in Enscape, Miyazaki, Nausicaa Ghibli, Breath of The Wild, 4k detailed post processing, artstation, rendering by octane, unreal engine --ar 9:16",,
"Garden in factory,Tall factory,Many red rose,A few roses,clouds, ultra wide shot, atmospheric, hyper realistic, 8k, epic composition, cinematic, octane render, artstation landscape vista photography by Carr Clifton & Galen Rowell, 16K resolution, Landscape veduta photo by Dustin Lefevre & tdraw, 8k resolution, detailed landscape painting by Ivan Shishkin, DeviantArt, Flickr, rendered in Enscape, Miyazaki, Nausicaa Ghibli, Breath of The Wild, 4k detailed post processing, artstation, rendering by octane, unreal engine --ar 9:16 --iw 10
",,
"Garden castle,Many flowers,A few roses,clouds, dramatic clouds above, pink,dreamy ultra wide shot,  atmospheric, hyper realistic, 8k, epic composition, cinematic, octane render, artstation landscape vista photography by Carr Clifton & Galen Rowell, 16K resolution, Landscape veduta photo by Dustin Lefevre & tdraw, 8k resolution, detailed landscape painting by Ivan Shishkin, DeviantArt, Flickr, rendered in Enscape, Miyazaki, Nausicaa Ghibli, Breath of The Wild, 4k detailed post processing, artstation, rendering by octane, unreal engine --iw 10 --ar 9:16 --no blue",,
"Super wide angle view, red rose icebulerosegarden + beautiful paintings in the factory area, tall factory with many iron frames, iron nets, factory lighting, Greg ratkowski, night, a little red rose on the iron frame, art station trend, low light, smoke, steel support, volume lighting, UE4, ZBrush, marmoset Kit HD --ar 9:16 --iw 10",,
"Tall crystal magic church garden, Towering rose bushes, Red Roses, Surrounded by a field of roses, Rose bushes, Scattered Roses, Snow, Rose Trail,Tree Cloud, Volumetric lighting, Volumetric light, Lights, Ultra wide angle lens, 8K, DeviantArt, Epic composition, Epic composition, Film version, Octane rendering, 16K resolution, 8K resolution, detailed landscape painting by Ivan Shishkin, Nausicaa Ghibli, Breath of The Wild, Alena Aenami，HD --ar 9:16 --iw 10",,
"A ultra-realistic CG rendering of Ancient China,There is a stream, jiangnan ancient buildings on besides of thet stream,in the evening,Maple with milky leaves tree,snow scene， a moon in the sky，HD --ar 9:16 --iw 10",,
"Garden castle,Many flowers,A few roses,clouds, dramatic clouds above, pink,dreamy ultra wide shot, atmospheric, hyper realistic, 8k, epic composition, cinematic, octane render, artstation landscape vista photography by Carr Clifton & Galen Rowell, 16K resolution, Landscape veduta photo by Dustin Lefevre & tdraw, 8k resolution, detailed landscape painting by Ivan Shishkin, DeviantArt, Flickr, rendered in Enscape, Miyazaki, Nausicaa Ghibli, Breath of The Wild, 4k detailed post processing, artstation, rendering by octane, unreal engine，HD --ar 9:16 --iw 10",,
"**Night, flowers, small::1 crescent moon in the sky, snow, ice，Super wide angle view, red rose garden + beautiful paintings in the factory area,all abandoned factories, scattered roses, snow, rose path, fiery ovules and lava crystal ginger, Blizzard style art station trend, magical light fog, glacier, rainbow, tree cloud, volume lighting, UE4, ZBrush, marmoset toolkit HD --ar 9:16** - ",,
"An epic CG matte painting , expansive view , three gorgeous palaces on the clouds , several waterfulls drops from the clouds , A sea of pink roses , by Zeen Chin , high - definition picture , Unreal Engine , Trending on artstation HD --ar 9:16",,
"A high-definition CG rendering of a dark rose forest, a rose path, long floating red roses on the ground, fireflies, luminous ovules, light effects, snowstorm style art trendsmagical light fognight timelow light volumetric lightingue4 zbrushmarmostt toolbag HD --ar 9:16",,
"There are many green tender leaves on the flower branches, many crystal clear flowers, and translucent petals curl around its wet flower center. There are crystal dew on the flowers, with a hazy blue-green background and clear layers,HD --ar 9:16",,
"There are many green pointed tender leaves on the flower branches, many crystal clear lavender flowers, and translucent petals curled around its wet flower center. There are crystal dew on the flowers. The hazy gray blue background is clear, and several transparent snowflakes are falling,HD --ar 9:16",,
"There are many green pointed tender leaves on the flower branches, many crystal clear flowers, and translucent petals curled around its wet flower center. There are crystal dew on the flowers, with a hazy gray background, clear layers, and scattered snowflakes,HD --ar 9:16",,
"Winter, morning light, distant view of the lake, castle, clouds,reed,plum blossom, sunshine, fairy tale, lighting effects, fantasy, Thomas Kincaid, Unreal Engine, hyperrealistic style, 4K, ultra wide Angle, art station,HD --ar 9:16",,
"Several flower branches, many green pointed tender leaves on the flower branches, many crystal clear plum blossoms, transparent pale yellow petals curled around the lilac flower center, and crystal dew on the flowers. Fuzzy dark gray background, scattered snowflakes, mountains in the distance, large depth of field,HD --ar 9:16",,
"Under the hazy moonlight, there are several colorful flowers nearby. There are many crystal clear dew on the transparent petals, which are blooming on the bank. There is a winding and clear stream, and the valley in the distance is surrounded by clouds，HD --ar 9:16",,
"There are several colored flowers nearby. There are many transparent dew on the transparent petals. They are blooming on the bank. There is a winding brook river. In the distance, the valley is shrouded in clouds. The village is dimly seen. The gray background，HD --ar 9:16",,
"Super wide angle view,golden rose icebulerosegarden + beautiful paintings in the factory area, tall factory with many iron frames, iron nets, factory lighting, Greg ratkowski, night, a little red rose on the iron frame, art station trend, low light, smoke, steel support, volume lighting, UE4, ZBrush, marmoset Kit HD --ar 9:16 --iw 10",,
"In winter, there is an emerald castle. At the foot of the castle, there are ice roses and a huge ice waterfall. It was created by Thomas Kinkade of the art station，HD --ar 9:16",,
"In winter, there is an emerald castle. At the foot of the castle, there are ice roses, created by Thomas Kinkade of the art station，HD --ar 9:16",,
"In winter, there is an emerald castle. At the foot of the castle, there are ice roses and a huge ice waterfall. It was created by Thomas Kinkade of the art station，HD --ar 9:16",,
"Underwater, blue water, many ice blue roses, small fish, refracted light, crystal, super wide angle, quiet, fairy tale, lighting effect, fantasy, Thomas Kincaid, unreal engine, 4K, super wide angle, art station，HD --ar 9:16",,
"Epic composition,Tall crystal magic of the rose church garden, frozen rose bushes, frozen rose, Scattered Roses, Snow, Rose Trail, Blizzard style art station trends, Magical Light Mist, Tree Cloud, snow, winter, movies, tree clouds, crystals, ice everywhere, frozen, roses in ice, frozen roses, octane rendering, Ultra wide angle lens,surrealism, 8K,Volumetric lighting, Volumetric light --ar 9:16",,
"A huge hanging garden with a panoramic view, the blue Rose Garden, is in the princess's room and in a tall castle，many wooden frames, ribbons, candle lighting, Greg latter Kosky, night, little blue rose pergola, art station trend, bright light, smoke, wooden stand, UE4, HD, lighting, winter, AUV --ar 9:16",,
"It's dark at night, the blue sea is covered with blue roses, floating on the water, emitting pink light, quiet, fairy tale, lighting effect, fantasy, unreal engine, 4K，HD --ar 9:16",,
"Have the opportunity to accompany me to the seaside, I want to see the scenery. Want to chase the wind in the mountains, see dusk and dawn. Beautiful roses bloom on the sunset road, and the summer of roses will never be absent.HD --ar 9:16",,
"Under the dim moonlight, the river is misty, there are several maple trees with red leaves on the bank, there are scattered lights on several fishing boats, the original lights of the ancient temple on the mountain, Chinese style, ink painting，HD --ar 9:16",,
"In winter, there is heavy snow. On the mountains and the broad river, a fisherman with a bamboo hat and a coir raincoat sits in a small boat to fish. In the distant village, the dry branches on the bank are covered with snow. It is Chinese style，HD --ar 9:16",,
"A beautiful epic cg of A perfect depiction of a Epic magnificent spectacle，campus, silent hill, homicide, horror, creepy atmosphere, approaching evening, run-down look，Magnificent scenes，virtual engines，bright，Magnificent and very vast，Unity engine，ray tracing，Realistic texture materials，by lee madgwick，hubert robert，HD --ar 9:16",,
"Super wide angle view, blue rose garden + beautiful paintings in the factory area, tall factory with many iron frames, iron nets, factory lighting, Greg ratkowski, night, a little blue rose on the iron frame, art station trend, low light, smoke, steel support, volume lighting, UE4, ZBrush, marmoset Kit HD --ar 9:16",,
"Xinhaicheng, fairy tale house, soft green plants, continuous rose clouds, flowers and plants HD --ar 9:16",,
"there are many green tender leaves on the rose branches, many crystal clear blue rose, There are crystal dew on the roses, with a fuzzy blue-green background and clear layers --ar 9:16",,
"there are many green tender leaves on the rose branches, many crystal clear blue rose, and translucent petals wrapped around the wet flower center. There are crystal dew on the roses, with a fuzzy blue-green background and clear layers --ar 9:16",,
"there are many green tender leaves on the rose branches, many crystal clear purple rose, and translucent petals wrapped around the wet flower center. There are crystal dew on the roses, with a fuzzy blue-green background and clear layers --ar 9:16",,
"Many sunflowers with green leaves, starry sky, dilapidated cottages, windmills, Van Gogh style, HD --ar 9:16 ",,
"A beautiful painting of Paradise Garden , light , sky , magic , by Jorge Jacinto , trending on artstation , concept art ,HD --ar 9:16",,
"A beautiful painting of Paradise Garden , light , sky , magic , by Jorge Jacinto , trending on artstation , concept art ,HD --ar 9:16",,
"A beautiful painting of Paradise Garden ,Mushroom house, green light , green sky ,green cloud, magic , by Jorge Jacinto , trending on artstation , concept art ,HD --ar 9:16",,
"A dark rose sea surface rendered by high-definition CG, a rose path, blue roses, fireflies, luminous ovules floating on the sea surface for a long time,luminous ovules, light effects, snowstorm style art trendsmagical light fognight timelow light volumetric lightingue4 zbrushmarmostt toolbag HD --ar 9:16",,
"rendered by high-definition CG,Phoenix, cloud,golden Chinese palace, flame, HD, 4K,HD --ar 9:16",,
"rendered by high-definition CG,Phoenix, cloud,Chinese palace, flame, HD, 4K,HD --ar 9:16",,
"A beautiful painting of Paradise Garden ,Mushroom house,pale green light ,pale green sky ,palegreen cloud, lake,magic , trending on artstation , concept art ,HD --ar 9:16 ",,
"Dream house floating in the air, cotton candy clouds, watermelon clouds, small flowers, grass, flowers,lake, light green background, dream, fairy tale,HD --ar 9:16",,
"s. Mj.run/sypr1vca3kk escape, fight, God, rose everywhere medieval HD AR (fast), marmoset Kit HD --ar 9:16",,
"Blue sky, Xinhaicheng Fairy House, green plants, soft clouds, flowers and grass, dreamy deep forest and river A beautiful painting of Paradise Garden ,Mushroom house,pale green light ,pale green sky ,palegreen cloud, lake,magic , trending on artstation , concept art , marmoset Kit HD --ar 9:16",,
"Underwater, Arched buildings in ancient Europe , Clouds an d mist , wide angle , shoal of fish , refracted light , Bright sea bottom , tintal light , quiet , lighting effect ,4K, super wide an gle , art station ,8k, Arched marble building in the ocean , shi ning diamonds , Dingdal light , beautiful coral , beautiful Pear I , by Makoto Shinkai and ALexander Jansson and Greg Rutk , --ar 9:16",,
"Huge crystal Gothic palace, dream, clouds,Romantic， many red roses, romantic lights, light blue clouds, white stars, fantasy bubble, super wide angle, octane rendering, super detail,HD, A ultra-realistic CG rendering --ar 9:16 ",,
"Pale green clouds, a castle with a garden full of flowers is above the clouds ，light effect,by Makoto Shinkai and Claude Monet,trending on behance,8K, —ar 9:16",,
"Ultra wide Angle bird's eye view, white rose garden + beautiful paintings in the factory area, tall factory with many iron frames, iron nets, factory lighting, Greg ratkowski, night, a little white rose on the iron frame, art station trend, low light, smoke, steel support, A few pink clouds，volume lighting, UE4, ZBrush, marmoset Kit HD --ar 9:16",,
"city of fairies in a forest, fireflies, butterflies, trees, bloom, fantasy,marmoset Kit HD --ar 9:16 ",,
"ancient magical forest, tall pink trees, moonlit, with bioluminescent mushrooms, fireflies, pale blue fog, mysterious, twinkling stars, cinematic lighting, photorealism,high details, hyper realistic, mysterious, 8k, wide angle --ar 9:16",,
"Epic composition,Tall crystal magic of the red rose church garden, frozen purple rose bushes, frozen red rose, Scattered Roses, Snow, Rose Trail, Blizzard style art station trends, Magical Light Mist, Tree Cloud, snow, winter, movies, tree clouds, crystals, ice everywhere, frozen,red roses in ice, frozen purple roses, octane rendering, Ultra wide angle lens,surrealism, 8K,Volumetric lighting, Volumetric light, dusk, sunset --w 1080 --h 1920 --seed 12948",,
"A realistic CG rendering of Juck Zhang, with a green villa on it, green grass besides the villa, a white cotton cloud in the sky, and a rose waterfall flowing from the roof to the grass.HD --ar 9:16 ",,
"summer，Pale green clouds, above the clouds is a palace with a garden full of flowers, Dundar light effect, wide view, soft light, fairy tale, dreamy, aesthetic, HD picture, by Makoto Shinkai and Claude Monet, Trend on Behance,8K,HD --ar 9:16",,
"One kind of flower is pink, its petals are transparent, deep as sea water, crystal like dew, it can feel the loyalty and purity of love, 8K ,HD --ar 9:16 ",,
"Tall crystal magic of the rose church garden, Frozen rose bushes, Frozen Rose, Scattered Roses, Snow, rose paths,crystal clear and self-luminous, glowing ovules and lava crystalline ginger, Blizzard style art station trends, Magical Light Mist, Tree Cloud, Volumetric lighting, Volumetric light, Lights, Ultra wide angle lens, Surreal, 8K, DeviantArt, Epic composition, Film version, Octane rendering,  8K resolution, detailed landscape painting by Ivan Shishkin, landscape vista photography by Carr Clifton & Galen Rowell, Nausicaa Ghibli, Breath of The Wild, Alena Aenami, --ar 9:16",,
"A beautiful painting of the red rose garden , Duomo di Milano ,burning , winter , by greg rutkowski and thomas kinkade , unreal engine , Trending on artstation, 8K ,HD --ar 9:16",,
"A beautiful painting of Summer,ultra-wide field ,Underwater,Cloudy,Candy,Lotus,Starry night,Light effect,3d,by Thomas kinkade,trending on cgsociety,soft light,Fairy tale, dreamy, high-definition picture, 8K ,HD --ar 9:16 ",,
"Early morning, magnificent palace in the clouds, colorful clouds in the sky, light and shadow effects, fairyland, dream, shock, up, panorama, 4K, cloudy,By greg rutkowski and Thomas Kinkade, 8K ,HD --ar 9:16",,
"Snow, countless roses wrapped the ancient pavilion,HD --ar 9:16",,
"Wide-angle lens, countless petals are round and full, countless flowers are crystal clear, pink male flowers are strong, tender green leaves, morning mist, dew falls on petals, snowflakes fall, lighting effect, artistic trend,HD --ar 9:16",,
"Super wide Angle, overlooking, Summer, night, Genting Tiangong, Chinese style palace,green clouds ,Adornment line, sea of clouds,Three-dimensional lighting, 8K,starry sky, dreams, fairy tales, by Lee Madgwick and Beeple, 8K ,HD --ar 9:16",,
"There is a kind of flower that is pink. The petals are as deep as seawater and as crystal as dewdrops.,And it can sense the loyalty and purity of love ,High detail，Great depth of field,HD --ar 9:16",,
"There are a lot of red roses. The petals are as deep as seawater, crystal like dewdrops, frozen in ice cubes, you can feel the loyalty and purity of love, high details, large depth of field, high definition HD --ar 9:16",,
"Ancient Chinese ultra-realistic CG rendering, with a creek, on the water town of Jiangnan, in the evening, Chinese architecture, maple trees with milky leaves, snow scenes, moon in the sky, HD --ar 9:16 ",,
"This is a painting depicting Miyazaki's summer, Shin Haicheng, summer green, fairy tale forest, pale pink thatched cottage, many soft small broken clouds, animation rendering, high-definition picture HD --ar 9:16",,
"Pale green clouds, above the clouds is a house full of flowers in the garden, under the house is a watermelon field Dundar lighting effects, wide views, soft light, fairy tales, fantastic, aesthetic, HD pictures, created by Makoto Shinkai and Claude Monet, Trend on Behance, 8K",,
"On a summer night, there is a light blue starry sky, and a train has passed on the ground, surrounded by pink flowers and green plants, lighting effects, starlight, fairy tales,by Makoto Shinkai and Claude Monet,trending on behance,8K HD --ar 9:16",,
"a matte painting of etailed 8k render of roses garden in Victorian town during thunderstorm,20th Century Fox Film Corporation, Paramount Pictures,by Vito Ngai and lee madgwick,soft light:10"" 8K HD --ar 9:16 - Upscaled ",,
"on a summer night,there is a light blue starry sky,By the sea,Shooting stars, fireworks, the beach is all blue roses and green plants,by Ivan Aivazovsky and Dan Mumford,trending on cgsociety,soft light,Fairy tale,dreamy,shallow depth of field,octane rendering,8k hd wallpaper,f8:3 8K HD --ar 9:16",,
"There is a kind of Button Pom that is pink. The petals are as deep as seawater and as crystal as dewdrops There are many green leaves on the flower branches, And it can sense the loyalty and purity of love HD --ar 9:16",,
"Epic composition,Tall crystal magic of the rose church garden, frozen rose bushes, frozen rose, Scattered Roses, Snow, Rose Trail, Blizzard style art station trends, Magical Light Mist, Tree Cloud, snow, winter, movies, tree clouds, crystals, ice everywhere, frozen, roses in ice, frozen roses, octane rendering, Ultra wide angle lens,surrealism, 8K,Volumetric lighting, Volumetric light --ar 9:16",,
"At night sky, the beach is covered with blue and green fluorescence, the huge moon, elf light, stars, facula, the sea with fluorescence, the shining golden beach, the starry sky with moonlight, Michael james Smith's matte painting, reflection, cg rendering, volume light, space art, bioluminescence, unreal engine 5, magic of light, unreal engine rendering, super wide angle, super wide angle, high definition. --ar 9:16",,
"a beach covered in lots of Color rocks under a night sky, Rocks surrounded by roses, Towering lighthouse + lighting, Fluorescent Sea, Moonlight shines on a sea of twinkling stars, a matte painting by Michael James Smith, Reflection, featured on cg society, Volumetric light, space art, bioluminescence, unreal engine 5, Magic of light, rendered in unreal engine, Ultra-wide viewing angle, Ultra-wide viewing angle, --ar 9:16 --test --upbeta --upbeta",,
"In the night sky, the beach is covered with blue and yellow fluorescence, the moon, elf light, stars, facula, the sea with fluorescence, the shining golden love beach, the starry sky with moonlight, Michael james Smith's matte painting, reflection, cg rendering, volume light, space art, bioluminescence, unreal engine 5, magic of light, unreal engine rendering, super wide angle, super wide angle, high definition. --ar 9:16 --uplight",,
"Pale blue beach covered with colorful glowing stones, a boat in the distance, fluorescent ocean, moonlight, and sparkling stars,, 3d, super wide view, aerial view, Moonlight on a Sea of Twinkling Stars, Reflections, cg Social Topics, Volumetric Light, Space Art, Bioluminescence, Unreal Engine 5, The Magic of Lights, Presented in Unreality Engine, Super Wide View, Top View View (s), Superwide Angle, 8k --ar 9:16 --upbeta",,
"Light purple aurora in white snow, snow mountains, rivers, snowstorms, colorful stars twinkling, illusory engine, 4K HD,HD --ar 9:16",,
" Golden Dream Starry Sky，Distant mountains，A crystal clear lake，Fluorescent lake surface，The grass is full of flowers，landscape photography by Marc Adamus，realistic, 8K, ultrawide angle, panorama, 3D,Ultra HD, high pixel,HD --ar 9:16 --test --creative --upbeta",,
"Golden Dream Starry Sky，Distant mountains，A crystal clear lake，Fluorescent lake surface，The grass is full of flowers，landscape photography by Marc Adamus，realistic, 8K, ultrawide angle, panorama, 3D,Ultra HD, high pixel,HD --ar 9:16 --test --creative --upbeta",,
"Night, the Milky Way starlight, the silvery white crescent moon is accompanied by the Milky Way starlight sprinkled on the beach, there are many glowing creatures in the beach, the beach is the shape of love, pebbles, glowing creatures, fluorescent, golden, color, dreamy, super wide-angle light, Unreal Engine, 4K HD, HD. --ar 9:16",,
"The blue dream star, with thick clouds in the sky, is colorful. The sky is bright at sunset. Snow mountains in the distance, quiet lakes and ice lakes, crystal fragments, dreams, ultra-high definition, ultra-wide angle, panorama, 8k, lifelike, 3D high pixel, landscape photography, shot by Mark Adams (original)HD --ar 9:16 --q 2",,
"There is a flower that is a pink four-leaf clover, whose petals are transparent, deep as the sea, crystal as dew, and it can feel the loyalty and purity of love,8K,FHD --ar 9:16 --q 2 --chaos 30 --video  --uplight ",,有一朵花是粉色的四叶三叶草，花瓣透明，像大海一样深，像露水一样晶莹剔透，它能感受到爱的忠诚和纯洁
" one glowing crystalized in the dark rose forest with a rose path that has glowing ovules and lava crystallized ginger by Blizzard style ArtStation trending,Glowing black roses, magical light fog, night time, low light, volumetric lighting, ue4, zbrush, marmoset toolbag--hd --ar 9:16  --uplight ",,一个在黑暗的玫瑰林中发光的水晶，有一条玫瑰路径，有暴雪风格的艺术站趋势的发光的胚珠和熔岩结晶的生姜，发光的黑玫瑰，神奇的光雾，夜间，低光，体积照明
" A beautiful picture depicting a fairy tale world about green, strawberry hut, white smoke and wonderland. Lighting effects, white clouds around the house, Hayao Miyazaki's anime style, fashion sense, rural style, very detailed, beautiful flower arrangement style, 4k detail post-processing, HD --ar 9:16  --uplight",,一幅美丽的图画描绘了一个关于绿色、草莓小屋、白烟和仙境的童话世界。灯光效果，房子周围的白云，宫崎骏的动画风格，时尚感，乡村风格，非常细致，美丽的插花风格，4k细节后处理
" A magnificent crystal palace is above the clouds. The palace covered with pink flowers is surrounded by clouds and running water. Pink flowers, Atlantis, fairy tales, dreams, clouds and mist, animation style, Miyazaki Hayao animation lighting effects, movie details, trends in artstaion, 8K, yevgeny Lu Xiping,HD --ar 9:16  --uplight - Upscaled (Light)",,一座宏伟的水晶宫在云层之上。宫殿里开满了粉色的花，四周云雾缭绕，流水奔腾。粉色花朵，亚特兰蒂斯，童话，梦，云和雾，动画风格，宫崎骏动画灯光效果，电影细节，艺术潮流，8K，叶夫根尼·鲁西平，高清--ar 9:16--uplight-由@Mary09（轻松）放大（灯光）
"fruity jelly prisms, floating on the cotton candy soft clouds, dreamscape, heaven-like, realistic, 8k, UE5,fantasy, utopia --ar 9:16 --q 2  --uplight - Upscaled (Light) ",,水果果冻棱镜，漂浮在棉花糖软云上，梦境，天堂般的，现实的，8k，UE5，幻想，乌托邦
"  a pink pastel mushroom house on a cloud ,cotton candy clouds ,magic flowers, glowing, beautiful, fairy, fairytale art style, volumetric lighting, highly detailed, unreal engine 3D digital art, in the style of 90s anime, sailor moon,UE4,8k  --w 1080 --h 1920 --q 2  --uplight",,云上的粉色粉彩蘑菇屋，棉花糖云，魔法花，发光，美丽，童话般的艺术风格，立体照明，高度细致，虚幻的3D数字艺术，90年代动画风格，水手月亮
"A ultra-realistic CG rendering of Ancient China,A ultra-realistic CG rendering of Guilin landscape, China,Dream small  house on besides of the river,in the evening,peach with milky leaves tree,snow scene，White moonlight, a moon in creating moon, --ar 9:16 --q 2 --chaos 30  --uplight - @Mary09 (relaxed)",,中国古代的超现实CG渲染，中国桂林景观的超现实电脑渲染，河边的梦幻小屋，晚上，桃树乳白色的叶子，雪景，白色的月光，创造月亮的月亮
"A beautiful painting of a vast empty desert dunes at night, with a single mystical giant glowing blue tree at the middle, the tree's blue glow illuminates its surroundings, stars in the sky, by ted nasmith and thomas kinkade, featured on Artstation --ar 9:16",,这是一幅美丽的画作，描绘了夜晚一大片空旷的沙漠沙丘，中间有一棵神秘的巨大发光的蓝色树，树的蓝色光芒照亮了周围的环境，天空中的星星，由特德·纳史密斯和托马斯·金卡德创作
" In the dim moonlight, there were several white roses nearby. There are many crystal clear dewdrops on the transparent petals. They are blooming on the shore. There is a winding clear stream, and the blue-green Valley in the distance is surrounded by clouds，FHD --ar 9:16 --q 2  --uplight",,在朦胧的月光下，附近有几朵白玫瑰。透明的花瓣上有许多晶莹剔透的露珠。它们在岸上开花。有一条蜿蜒清澈的小溪，远处蓝绿色的山谷被云层环绕
 God of Psychedelics dancing in a vortex made of flowers --ar 9:16  --uplight,,迷幻之神在花做成的漩涡中跳舞
"crystalised temple, future eco village, sunny day, autumn, colorful, joyful, energetic, forest, micirocosmos, life, light, earth, sky, ocean, baby, children, directed by hayao miyazaki - Upscaled by @Shinta from maishinta (fast)",,水晶寺庙，未来生态村，阳光明媚的日子，秋天，五彩缤纷，欢乐，充满活力，森林，微型宇宙，生命，光，地球，天空，海洋，婴儿，儿童，由宫崎骏执导-由来自maishinta
"cyberpunk city, realistic, high defenition render, raining, alcohol, drunk effects, war, lasers, vibrant - Upscaled (Max) by @Tvcx (fast)",,赛博朋克城，逼真，高防御渲染，下雨，酒精，醉酒效果，战争，激光，充满活力-通过@Tvcx（fast）放大（最大值）
"5Ds7LL8R6XQ Devi godess fighting a monster in between clouds surrounded by godly mansions, warm tones, painting, sunset, highly detailed, use of colour red, cinematic, --ar 1:1 - Upscaled",,德维·戈迪斯在被神圣的大厦包围的云层之间与怪物战斗，暖色调，绘画，日落，高度详细，使用红色，电影般，
swords and lightning ,,剑与闪电
"beautiful girl, France, art nouveau, pink and gold, hot air balloons - Upscaled",,美丽女孩，法国，新艺术主义，粉色和金色，热气球
"Gorgeous golden Chinese palace, CG rendering Chinese style, overlooking, fairy tale, surrounded by roses, dragon and Phoenix in the sky chasing the moon, very beautiful, lighting effect, dream, starry sky, super detail, illustration, 4K unreal engine, ethereal clouds. Moon PalaceHD --ar 16:9 --q 2 --chaos 30 - Upscaled",,超广角视野，红玫瑰园+工厂区域的美丽画作，许多浪漫的玫瑰，具有许多铁框架的高大工厂，铁网，美丽的关键艺术，工厂照明，格雷格·拉特科夫斯基，夜晚，微光，铁框架上的小红玫瑰，艺术站趋势，低光，烟雾，美丽的幻想插图，钢支架，体积照明，UE4，ZBrush，绒猴套件HD
" Super wide angle view, red rose garden + beautiful paintings in the factory area,many romatic rose, tall factory with many iron frames, iron nets,beautiful key art, factory lighting, Greg ratkowski, night, shimmering light,a little red rose on the iron frame, art station trend, low light, smoke, beautiful fantasy illustration,steel support, volume lighting, UE4, ZBrush, marmoset Kit HD --ar 9:16 - Upscaled ",,超广角视野，红玫瑰园+工厂区域的美丽画作，许多浪漫的玫瑰，具有许多铁框架的高大工厂，铁网，美丽的关键艺术，工厂照明，格雷格·拉特科夫斯基，夜晚，微光，铁框架上的小红玫瑰，艺术站趋势，低光，烟雾，美丽的幻想插图，钢支架，体积照明，UE4，ZBrush，绒猴套件
" One kind of flower is pink, its petals are transparent, deep as sea water, crystal like dew, it can feel the loyalty and purity of love, 8K ,HD --ar 9:16 - Upscaled ",,有一种花是粉色的，它的花瓣是透明的，深如海水，水晶般的露水，它可以感受到爱的忠诚和纯洁
"Gorgeous golden Chinese palace, CG rendering Chinese style, overlooking, fairy tale, surrounded by roses, dragon and Phoenix in the sky chasing the moon, very beautiful, lighting effect, dream, starry sky, super detail, illustration, 4K unreal engine, ethereal clouds. Moon PalaceHD --ar 9:16 --q 2 --chaos 30 - Upscaled ",,华丽的金色中式宫殿，CG渲染中式风格，俯瞰，童话故事，被玫瑰环绕，天空中的龙凤追逐月亮，非常美丽，灯光效果，梦想，星空，超细节，插图，4K虚幻引擎，飘渺的云。月亮宫
"A human male wearing futuristic sci-fi armor, with his helmet half open to reveal the lower half of his face, with luminous blue energy flowing on his body, holding sci-fi weapons, octane rendering, high detail, sci-fi style, unreal engine, 8K, dynamic lighting, ray tracing, movie mirror --ar 9:16 --q 2 - Upscaled ",,一名男性，身穿未来派科幻盔甲，头盔半开，露出下半边脸，身上流动着明亮的蓝色能量，手持科幻武器，辛烷渲染，高细节，科幻风格，虚幻引擎，8K，动态照明，光线追踪，电影镜子
"Mountains and rivers, Chinese style, technology, fantasy, future ",,山水，中国风格，科技，幻想，未来
"one glowing crystalized in the dark rose forest with a rose path that has glowing ovules and lava crystallized ginger by Blizzard style ArtStation trending,Glowing black roses, magical light fog, night time, low light, volumetric lighting, ue4, zbrush, marmoset toolbag--hd --ar 9:16 --uplight",,一个在黑暗的玫瑰林中发光的水晶，有一条玫瑰路径，有暴雪风格的艺术站趋势的发光的胚珠和熔岩结晶的生姜，发光的黑玫瑰，神奇的光雾，夜间，低光，体积照明，
"A beautiful picture depicts a fairy tale world of tropical plants, cotton candy clouds, watermelon clouds, small flowers, grass, light green background, dreams, fairy tales, white smoke and fairyland. Lighting effects, cotton-like pink clouds around plants, fog and tulle floating around plants, fashion sense, pastoral style, very detailed LED, aesthetic decorative style, 4K detail post processing, art station, rendering, Unreal Engine HD",,一幅美丽的图画描绘了一个由热带植物、棉花糖云、西瓜云、小花、草、浅绿色背景、梦、童话、白烟和仙境组成的童话世界。灯光效果，植物周围棉花般的粉云，植物周围漂浮的雾和薄纱，时尚感，田园风格，非常详细的LED，美学装饰风格，4K细节后处理，艺术站，渲染，虚幻引擎高清
"The future city of Tokyo at night, with many cherry blossoms in full bloom, petals floating in the sky, in the style of studio ghibi, fantasy,8k --aspect 9:16",,未来的东京之夜，樱花盛开，花瓣漂浮在天空中，以吉比工作室的风格，幻想，8k-方面9:16
"Night, flowers, small crescent moon in the sky, snow, ice，Super wide angle view, red rose garden + beautiful paintings in the factory area,all abandoned factories, scattered roses, snow, rose path, fiery ovules and lava crystal ginger, Blizzard style art station trend, magical light fog, glacier, rainbow, tree cloud, volume lighting, UE4, ZBrush, marmoset toolkit HD--hd --ar 9:16",,夜，花，天空中的小新月，雪，冰，超广角视图，红玫瑰园+工厂区的美丽画作，所有废弃的工厂，分散的玫瑰，雪，玫瑰路，火红的胚珠和熔岩水晶姜，暴雪风格的艺术站趋势，神奇的光雾，冰川，彩虹，树云，体积照明，UE4，ZBrush，狨猴工具包HD--HD--ar 9:16
"Fiery frozen roses in the glacier, frozen roses, tall abandoned factories, scattered roses, glacier waterfalls, snow, rose path, fiery ovules and lava crystal ginger, Blizzard style art station trend, magical light fog, glacier, rainbow, tree cloud, volume lighting, UE4, ZBrush, marmoset toolkit HD --ar 9:16",,冰川中炽热的冰冻玫瑰，冰冻玫瑰，高大的废弃工厂，分散的玫瑰，冰川瀑布，雪，玫瑰路径，炽热的胚珠和熔岩水晶姜，暴雪风格的艺术站趋势，神奇的光雾，冰川，彩虹，树云，体积照明，UE4，ZBrush，绒猴工具包HD--ar 9:16
"Gorgeous golden Chinese palace, CG rendering Chinese style, overlooking, mythology, fairyland, surrounded by roses, rose path. Rose bushes, clear and bright roses, lighting effects, dreams, starry sky, super details, illustrations, 16K unreal engine, ethereal clouds. Moon Palace, HD 16K processing,,HD --ar 9:16",,华丽的金色中式宫殿，CG渲染中式风格，俯瞰，神话，仙境，玫瑰环绕，玫瑰径。玫瑰丛，清澈明亮的玫瑰，灯光效果，梦想，星空，超级细节，插图，16K虚幻引擎，虚幻云。月亮宫，HD 16K处理，HD-ar 9:16
"Huge crystal Gothic palace, dream, clouds,Romantic， many red roses, romantic lights, light blue clouds, white stars, fantasy bubble, super wide angle, octane rendering, super detail,HD, A ultra-realistic CG rendering 4k --ar 9:16",,巨大的水晶哥特式宫殿，梦想，云，浪漫，许多红玫瑰，浪漫的灯光，淡蓝色的云，白色的星星，幻想泡泡，超广角，辛烷渲染，超细节，高清，超现实CG渲染4k-ar 9:16
"Gorgeous mythology South Gate, CG rendering Chinese style, overlooking, mythology, fairyland, clear and bright roses, lighting effects, dreams, starry sky, super details, illustrations, 16K unreal engine, ethereal clouds. 16K resolution,  8k resolution, Moon Palace, HD 16K processing,,HD --ar 9:16",,华丽的神话南门，CG渲染中国风格，俯瞰，神话，仙境，清澈明亮的玫瑰，灯光效果，梦幻，星空，超级细节，插图，16K虚幻引擎，虚幻云。16K分辨率，8k分辨率，月亮宫，高清16K处理，HD-ar 9:16
"Gorgeous crystal palace, CG rendering European style, overlooking, fairy tale, rose surround, lighting effect, dream, starry sky, super detail, illustration, 16K, unreal engine, ethereal cloud, HD, --ar  9:16",,华丽的水晶宫，CG渲染欧洲风格，俯瞰，童话，玫瑰环绕，灯光效果，梦想，星空，超细节，插图，16K，虚幻引擎，虚幻云，高清，-ar 9:16
"Gorgeous golden Chinese palace, CG rendering Chinese style, overlooking, mythology, fairyland, surrounded by roses, rose path. Rose bushes, clear and bright roses, lighting effects, dreams, starry sky, super details, illustrations, 16K unreal engine, ethereal clouds. Moon Palace, HD 16K processing,,HD --ar 9:16",,华丽的金色中式宫殿，CG渲染中式风格，俯瞰，神话，仙境，玫瑰环绕，玫瑰径。玫瑰丛，清澈明亮的玫瑰，灯光效果，梦想，星空，超级细节，插图，16K虚幻引擎，虚幻云。月亮宫，HD 16K处理，HD-ar 9:16
"symmetrical realistic luxurious pink butterfly made of transculent diamonds on a white background,unreal engine,8k,C4D,photo real ultra high detail,sunrays from the back, cinematic lighting, water reflecting light --ar 3:4",,对称、逼真、奢华的粉色蝴蝶，白色背景上由变化无常的钻石制成，虚幻引擎，8k，C4D，照片真实的超高细节，来自背面的阳光，电影灯光，水反射光——ar 3:4
"Crystal temple, paradise, sparkling heart-shaped clouds, luminous water, super-detail, dream, 8K, art station. Panorama. Ultra-wide viewing angle, stereo light, high-definition picture quality, quality 3, clear details. --ar 9:16",,水晶寺庙，天堂，闪闪发光的心形云，发光的水，超细节，梦想，8K，艺术站。全景超宽视角，立体光，高清画质，画质3，细节清晰--ar 9:16
"under water lot of berries, strawberries, watermelon, candy, bubbles, sweets, water splash, many water droplets, very bright shiny, wide lens, hyper realistic, 8k, octane render, vibrant colors --w 500 --h 1000",,水下有很多浆果、草莓、西瓜、糖果、泡泡、糖果、水花、许多水滴、非常明亮闪亮、宽镜头、超逼真、8k、辛烷渲染、鲜艳的颜色——w 500--h 1000
"Early sunrise, lake, moon, boat, water lilies, fog on the water, big fullmoon in the sky, in the painting style of Monet --ar 3:4 --hd",,清晨的日出，湖泊，月亮，船，睡莲，水上的雾，天空中的大满月，莫奈的绘画风格——ar 3:4——hd
"At night, there is a crescent moon in the sky, Pink cherry blossoms，cherry blossoms in the valley, pavilions in the valley, and a river in the valley. Cherry blossoms are all over the valley, trees, snow, and transparent water，Super beautiful， volume lighting, UE4, ZBrush, marmoset toolkit HD --ar 9:16",,晚上，天空中有一轮新月，粉红色的樱花，山谷里有樱花，峡谷里有亭子，山谷里还有一条河。樱花遍布山谷，树木，雪和透明的水，超级美丽，体积照明，UE4，ZBrush，绒猴工具包HD-ar 9:16
"Ancient Chinese ultra-realistic CG rendering, with a creek, on the water town of Jiangnan, in the evening, Chinese architecture, maple trees with milky leaves, snow scenes, moon in the sky, HD --ar 9:16",,中国古代超现实CG渲染，江南水城上的一条小溪，傍晚，中国建筑，枫树和乳白色的叶子，雪景，天空中的月亮，HD-ar 9:16
"One kind of flower is pink, its petals are transparent, deep as sea water, crystal like dew, it can feel the loyalty and purity of love, 8K ,HD --ar 9:16",,一种花是粉红色的，它的花瓣是透明的，像海水一样深，像露水一样晶莹剔透，它能感受到爱的忠诚和纯洁，8K，HD-ar 9:16
There is a big waterfall with dark green water. There is a big river under the waterfall. The river is green in depth. There are many tender green grass and many yellow flowers beside the river. There are tender green pine trees and blue sky on the top HDR --ar 9:16,,有一个深绿色的瀑布。瀑布下有一条大河。这条河深绿色。河边有许多嫩绿的草和许多黄色的花。山顶上有嫩绿的松树和蔚蓝的天空
" water falls from heaven and splashes down on piles of dry bones, desert valley, photorealistic --ar 9:16",,水从天而降，溅到成堆的干骨头上，沙漠谷，真实感——ar 9:16
"One kind of flower is pink, its petals are transparent, deep as sea water, crystal like dew, it can feel the 8k --ar 9:16",,一种花是粉红色的，它的花瓣是透明的，像海水一样深，像露水一样晶莹剔透，它能感觉到8k--ar 9:16
"One orange full moon hangs in the clean dark blue night sky with reflections of calm lake water, dead trees, stars,fog, mystery, tranquility, self-healing,fireflies,cinematic lighting,super wide,f8,Parallel perspective,blue-orange tones,8k hd wallpaper,low light at night --ar 9:16",,一轮橙色的满月挂在干净的深蓝色夜空中，反射着平静的湖水、枯树、星星、雾、神秘、宁静、自愈、萤火虫、电影灯光、超宽、f8、平行透视、蓝橙色色调、8k高清壁纸、夜间微光——ar 9:16
" A ultra-realistic CG rendering of Ancient China, Spring, morning, blue sky, pale green clouds, lakes, water falls, big weeping willow sprouting,,sunshine, fairy tale, lighting effects, fantasy, Thomas Kincaid, Unreal Engine, hyperrealistic style, 4K, ultra wide Angle, art station, HD --ar 9:16",,古代中国的超现实CG渲染，春天，早晨，蓝天，淡绿色云，湖泊，瀑布，大垂柳萌芽，阳光，童话，灯光效果，幻想，托马斯·金凯，虚幻引擎，超现实风格，4K，超广角，艺术站，HD-ar 9:16
"There are pinkish pink flowers. The flowers are dandelion-like, and the petals are as deep as in sea water, as dewdrops. It Can Feel the Loyalty and Purity of Love, HD --ar 9:16",,有粉红色的花。花朵像蒲公英，花瓣像露珠一样深。它能感受到爱的忠诚和纯洁，HD-ar 9:16
"fantasy style, foggy mangrove bayou with a large rock in the water, dark, spooky --ar 9:16",,梦幻风格，雾蒙蒙的红树林海湾，水中有一块大石头，黑暗，诡异——ar 9:16
"Amazing palace,paradise,sapphire,ruby,crystal,jade,surreali sm,pink rose,flower,fantasy,movie epic effect, exquisite, ultra wide field of view,CG rendering3D, realism, detail, HD, machinery, moon, sky and stars, pond, realism, redshift rendering, CGI, 3D, ultra detail, realistic, 8K, masterpiece, function artstation,ultral wide angle --ar 9:16",,惊人的宫殿，天堂，蓝宝石，红宝石，水晶，翡翠，超现实主义，粉红玫瑰，花朵，幻想，电影史诗效果，精致，超宽视野，CG渲染3D，现实主义，细节，高清，机械，月亮，天空和星星，池塘，现实，红移渲染，CGI，3D，超细节，现实，8K，杰作，功能艺术站，超广角——ar 9:16
"Golden sky like angel wings, lake, True HD, Ultra wide Angle panorama, Ultra HD, 8K realistic, high pixel, crack, Landscape photography by Marc Adamus, HD --ar 9:16",,
"this is surreal and exquisite CG rendering. Atnight, the pale blue sky, glaciers covering the beach,purple heart-shaped stones, glowing paths, roses, themoon, starlight, art, high definition, starry sky, manytiny and colorful luminous particles, illuminated by theMilky Way, the Arctic, tundra and icebergs, fantasy,high details, beauty, 8K, octane light and shadow,complicated details, super wide angle, panoramicshooting, 8k. High definition.Volumetric light，8K HD --ar 9:16",,
"The whole picture is fragmented, and the stars in the night sky and the broken ice lake are shining. Light blue aurora, spiritual light, stars, stars shining, breaking ice lake, breaking starry sky, galaxy, Michael james smith matte painting, CG rendering, volume light, space art, bioluminescence, unreal engine 5, super wide angle, high definition, volume light, volume light volume light,HD --ar 9:16",,
"The feeling of fragmentation of the whole picture, Night Sky, The stars on the broken ice lake shine. Yellow Aurora, Spirit Light, Stars, Stars Flash, Break up the ice lake, break the starry sky, Galaxy, Michael James Smith Matte Painting, CG Rendering, Volume Light, Space Art, Bioluminescence, Unreal Engine 5, Ultra Wide Angle, High Definition, HD,volume light，volume lightVolumetric light HD --ar 9:16",,
"At night, the Milky way, starlight, golden moon, milky way starlight are scattered on the beach, there are many luminous creatures, the beach is the shape of love and roses, pebbles, luminous creatures, fluorescence, pink, color, fantasy, ultra wide angle light, illusory engine, 4K HD volume light, bioluminescence, ultrawide angle of view,HD --ar 9:16",,
"National Day, Great Wall, early morning sky and sunrise, close-up, long-range, looking up, ultra-realistic, realistic, high-quality details, super wide-angle lens, beautiful, dreamy, 16K resolution, ultra-clear, light art, octane rendering, high definition,HD --ar 9:16",,
"Beautiful Pictures, Beautiful Colorful Stars Great Waterfall, Dark Blue, Smoke Stars, Romantic Stars, Romantic Glowing particles, Romantic glowing creatures, Magic Halo, Magic clouds, dream mystery, romantic waterfalls, Soft Light, 8k, 8 km, Ultra HD, picture real, lucky digital rendering, dark blue landscape photographyHD --ar 9:16",,
A beautiful cherry blossom opens at night in the style of Jibi Studio and Jibi Studio， 8k --aspect 9:16 --v 3,,
"A tree is covered with lots of orange Persimmons , the leaves are red , and there are many beautiful red wild flowers under the tree. It is resplendent, dreamy, light effect, 4K.HD --ar 9:16",,
"In the night sky,the stars shine on the silky lake, and the light green roses float on the water. Aurora, fairy light, stars, twinkling stars, a meteor across the sky,wide lake,starry sky,Michael James Smith's matte painting,CG rendering,volumetric light, space art, bioluminescence, illusory engine5,super wide angle, high definition, HD,HD --ar 9:16",,
"A beautiful cherry blossom opens at night in the style of Jibi Studio and Jibi Studio , illusion engine 5, ultra wide angle, high-definition, high-definition 8K, high-definition， 8k --aspect 9:16 --v 3",,
"Night Sky, Stars Shine on Silk Lake, Yellow Aurora, Spirit Light, Stars, Stars Flash, Wide Lake, Star Sky, Galaxy, Michael James Smith Matte Painting, CG Rendering, Volume Light, Space Art, Bioluminescence, Unreal Engine 5, Ultra Wide Angle, High Definition, HD --ar 9:16",,
"A ultra-realistic CG rendering of Ancient China,There is a stream, jiangnan ancient buildings on besides of thet stream,in the evening,Maple with milky leaves tree,snow scene， a moon in the sky，HD --ar 9:16 --iw 10",,
"There is a lily of the valley, which is pink. Petals as deep as sea water, crystal clear as dew. There are many greenleaves on the flower branches, and many crystal white button chrysanthemums. lt can feel the loyalty and purity of love HD, high quality, photo realistic, high detail, 8k --ar 9:16",,
"The picture is transparent, a large silvery white crescent is sprinkled on the sand accompanied by the Milky Way stars, there are many pink and blue roses floating on the sand, pink and blue roses floating on the sea, a beach in the shape of a heart, glowing creatures, Silver, Unreal Engine, Ultra Wide, 16K HD, HD. --ar 9:16",,
"There is a pink rose waterfall on the edge of the cliff glowing at night.The shadow of the trees is hazy. There are huge pink roses around many waterfalls. The petals are scattered in the water. Misty rain, glow, dreamy pink roses, fog and gauze float around the waterfall.magical light fog, night, shimmer, Picture, 8K, streaming media, marmoset kit, HD，16K，UE4 --ar 9:16",,
"Lycoris recoil, Japanese animation, multiple exposures, yellow spider chrysanthemum, Tokyo forest, super detail, long exposure, dramatic light, 8K,HD --ar 9:16",,
"Swiss town, hyperrealistic cartoon. Beautiful blooming fireworks, pink snow, trains moving through the snow, winter, lighting effects, starry sky, high detail, realistic, 8K, Art Station, Makoto Shinkai --ar 9:16",,
"This is a painting depicting the depression of the four famous Chinese novels ""Dream of Red Mansions"", the wedding in the gate of the ancient Chinese building, eerie, depressing style, Chinese red, lanterns, ingenious, central axis composition, cyberpunk, super clear details description, --ar 9:16",,
"Pink aurora in white snow, snow mountain,river,snowstorm,colorful stars twinkling, Unreal Engine, 4K HD, HD --ar 9:16",,
"Glittering green flaming lotus flower with a pearl in the middle of the lotus, floating and burning on water, symmetrical, evil, destruction, spooky, self-luminous, virtual engine, 8K, chaos --ar 9:16",,
"Glittering green flaming lotus flower with a pearl in the middle of the lotus, floating and burning on water, symmetrical, evil, destruction, spooky, self-luminous, virtual engine, 8K, chaos --ar 9:16",,
"Lycoris recoil, Japanese animation, multiple exposures, white spider chrysanthemum, Tokyo forest, super detail, long exposure, dramatic light, 8K,HD --ar 9:16",,
"Lycoris recoil, Japanese animation, multiple exposures, green spider chrysanthemum, Tokyo forest, super detail, long exposure, dramatic light, 8K,HD --ar 9:16",,
"<https://i.mj.run/87816c13-ab59-4373-b29b-b19f5a999238/0_2.png> Lake surrounded by woods at night, galaxies in the sky reflected in the water, golden clouds, sunset red, unrealengine, super realistic, intricate details and rich colors dreamy, The sky is full of redclouds,super wide-angle light , Unreal Engine, The bigmoon,8K HD,HD --ar 9:16",,
"Crossing HD CG, Lotus in Golden Fire, Self-luminous White Rose Cloud, Blue Sky, Huge Lightning, Light Effect, 8K, Ultra HD, Blizzard-style Art Trend, Noctilucent Fog Noctilucent, HD --ar 9:16",,
"Through HD CG, Lotus in Golden Fire, Huge Lightning Through White Rose Cloud, Blue Sky, Light Effect, 8K, Ultra HD, Wind-rain Lightning Art Trend, Noctilucent Fog Noctilucent, HD --ar 9:16",,
"Imagine Angel, Beautiful, Magical, Back of Goddess Wu, Green Lotus, Dark Green Lotus Floating, Adventure, Mirror, Glass, Magic Array , magic circle, fantasy, fog, light, crystal, gold, green, nebula, surreal, unreal, angel, beautiful, magical, Valkyrie, medium, magical. Mirror, Glass, Magic Circle, Might and Magic, Fantasy, Mist, Fluorescent, Crystal, Black, Nebula, Surreal, Unreal Engine HD --ar 9:16",,
"Imagine an angel, beautiful, magical, magical, Chinese phoenix, big bird with green, yellow and red feathers, lotus base, dark green lotus Floating, adventure, mirror, glass, magic circle, magic circle, fantasy, fog, light, flame, crystal, gold, green, nebula, surreal, unreal angel, beautiful, magical, Valkyrie, medium, magical. Mirror, Glass, Magic Circle, Might and Magic, Fantasy, Mist, Fluorescent, Crystal, Black, Nebula, Surreal, Unreal Engine HD --ar 9:16",,
"Imagine Angel, Beautiful, Magical, Goddess Wu Back, Green Lotus, Green Lotus, Adventure, Mirror, Glass, Magic Array, Magic Array, Fantasy, Mist, Light, Crystal, Gold , Green, Nebula, Surreal, Unreal Angel, Beautiful, Magical, Valkyrie, Intermediate, Magical. Mirror, Glass, Magic Circle, Might and Magic, Fantasy, Mist, Fluorescent, Crystal, Black, Nebula, Surreal, Unreal Engine HD --ar 9:16",,
"Imagine an angel, beautiful, bewitching, magical, China's Thousand-handed Avalokitesvara, Thousand-handed Avalokitesvara, super-detailed face, super-detailed , lotus base, dark green lotus floating, adventure, mirror, glass, magic circle, magic circle, fantasy, fog, light, flame, crystal, gold, green, nebula, surreal, unreal angel, beautiful, magical, Valkyrie, , magical. Mirror, Glass, Magic Circle, Might and Magic, Fantasy, Mist, Fluorescent, Crystal, Black, Nebula, Surreal, Unreal Engine HD --ar 9:16",,
"Imagine Angel, Beautiful, Magical, Goddess Wu, Red Lotus, Fire Element Red Lotus, Adventure, Mirror, Glass, Magic Array, Magic Array, Fantasy, Mist, Light, Crystal, Gold , Fire, Fire Element, Burning, Red, Red Light, Nebula, Surreal, Unreal Angel, Beautiful, Magical, Valkyrie, Intermediate, Magical. Mirror, Glass, Magic Circle, Might and Magic, Fantasy, Mist, Fluorescent, Crystal, Black, Nebula, Surreal, Unreal Engine HD --ar 9:16",,
"Imagine Angel, Beautiful, Magical, Goddess Wu, Red Lotus, Fire Element Red Lotus, Adventure, Mirror, Glass, Magic Array, Magic Array, Fantasy, Mist, Light, Crystal, Gold , Fire, Fire Element, Burning, Red, Red Light, Nebula, Surreal, Unreal Angel, Beautiful, Magical, Valkyrie, Intermediate, Magical. Mirror, Glass, Magic Circle, Might and Magic, Fantasy, Mist, Fluorescent, Crystal, Black, Nebula, Surreal, Unreal Engine HD --ar 9:16",,
"It is a beautiful picture. There are many huge blue roses floating in the deep sea, the brightness of the moon, magic clouds, several sailboats, giant sailboats, Klein Blue Dream rendering, surreal, surreal, super beautiful dream, HD,beautiful ethereal fairyland--HD --ar 9:16",,
" Through high definition CG, green big lotus in light green fire, Lightning,Light Effects, 8K, Ultra HD, Blizzard style art trends,Luminous fog luminous ，volume lightVolumetric light --ar 9:16",,
"Glittering blue flaming lotus flower, floating and burning on water, symmetry, self-illumination, virtual engine, 8K, chaos --ar 9:16",,
"Through high definition CG, golden big lotus in light golden fire, Lightning,Light Effects, 8K, Ultra HD, Blizzard style art trends,Luminous fog luminous ，volume lightVolumetric light --ar 9:16",,
"The lavender French sports car is parked at the romantic lavender flower seaside, and there are several roses on the sports car. The sea of flowers sparkled. The color is gorgeous. Star aurora appears in the sky, fairy tale world, fantasy, 8K, ，volume lightVolumetric light visible fluoresce hyperrealism photograph --ar 9:16 --iw 10",,
" Paleo landscape, beautiful paleoart, high grass, ferns, open plains, intricate detail, beautiful lighting, Brian engh, Albert bierstadt, peaceful, small river, idyllic, An Jung-hwan --ar 2:3 --test --creative --upbeta",,
"Top view, massive scale, animation concept art, Breath of the wilde, European photography, studio ghibli style, Clear reflection, A Luxury Monumental Futuristic building in art Nouveau Architecture, epic Plaza pool, 1.5 Crystal clear, sun rays:1.5 miyazaki, Craig Mullins dappled lighting, octane render, cinematic, photographic, realistic, highly detailed --w 1200 --h 2400 --no human --test --creative --upbeta",,
"Christmas village, illuminating light rays, in the style of Thomas Kinkade, matte painting, photorealistic, highly detailed, hd, hdr, uhd, unreal engine 5, 8k --ar 5:7 --test --upbeta --upbeta",,
 A Dandelion made of White crystal，Blue sky，epic，Art on Instagram，concept art，digital painting，3d，style of Psychedelia art，8K，hyperdetailed，render --ar 10:14 --test --creative --upbeta,,
"Elevation, Breath of the wilde, sun rays, 1.2 emil melmoth, 0.1 studio ghibli style, Epic red Torii Gate, The ground was flooded with a layer of shallow water, 1 tight temples alley in town of Kyoto, lush vegetation and flowers, white drogan, 0.1 dappled lighting, cinematic, photographic, realistic, highly detailed, matte painting --w 1200 --h 3000 --test --creative --upbeta",,
"beautiful fairytale landscape, 8k hyper detailed —ar 2:3 --upbeta --testp --upbeta",,
"hyperdetailed oasis with saguaro cacti and flowers emerging from ground of hyperdetailed fantasy desert that with a stream flowing through it that glows like the sunset, cinematic lighting, 8k, unreal engine, octane render, realistic --ar 16:24 --test --creative --upbeta --upbeta",,
silence lonely tree pine see water blue soft mist blue hour autumn photorealistic photography fine-art nature Finland Northern,,
"@The beach near is covered with colorful and luminous stones, and in the distance there are lighthouses + lights, fluorescent oceans, moonlight, and shining stars,, 3d, Ultra-wide viewing angle, Aerial view, Moonlight shines on a sea of twinkling stars, Reflection, featured on cg society, Volumetric light, space art, bioluminescence, unreal engine 5, Magic of light, rendered in unreal engine, Ultra-wide viewing angle, Aerial view, Ultra-wide viewing angle, 8k,8K --ar 9:16",,
"distant galaxies, matte painting. You can feel its loyalty and purity in the context of love. Light Blue View Photography by MakamosHD --ar 9:16",,
"fantasy christmas village, snowing, illuminating light rays, photorealistic, highly detailed, hd, hdr, uhd, unreal engine 5, 8k --ar 2:3 --test --s 5000 --upbeta",,
"fantasy christmas village, big christmas tree, presents, reindeers, elfs, snowing, illuminating light rays, photorealistic, highly detailed, hd, hdr, uhd, unreal engine 5, 8k --ar 2:3 --test --s 5000 --upbeta",,
"Through high definition CG,Red Rose in Fire, Lightning,Light Effects, 8K, Ultra HD, Blizzard style art trends,Luminous fog luminous volume lighting，HD --ar 9:16",,
"the king of all peonies feathers, peony flower petals kinsugi porcelain, blue and white, norimichi, Romain lenancker, zen, gold filaments, nacre, wabi sabi, black background, sam kaplan, goulko, cinematic light, soft shadows, flamingo, gold feathers, color background, hyper detailed, volumetric lighting,made of apricot , butterfly essence, insanely detailed and intricate, hypermaximalist, elegant, ornate, hyper realistic, super crowded, dense, 8k, an astronaut helmet full of flowers, rococo painting by Francois Boucher and Mandy Jurgens and Pino Daeni and Alfonso Mucha, mystical, classical sci-fi, beautiful, soft studio lighting, octane render, hyper detailed, volumetric lighting, global illumination, detailed and intricate environment, 8k, --ar 9:16  --test --creative --upbeta --upbeta",,
"Golden Lake under the starry sky, with huge transparent golden ice cubes, ice caves, yellow aurora, blue sky, shining stars, CG rendering, space art, bioluminescence, unreal engine 2, super wide angle, high definition, volume light, volume light. Co-created by Mark Addums and Vincent Favre  HD --ar 9:16",,
"Imagine Angel, Beautiful, Magical, Goddess Wu, Red Lotus, Fire Element Red Lotus, Adventure, Mirror, Glass, Magic Array, Magic Array, Fantasy, Mist, Light, Crystal, Gold , Fire, Fire Element, Burning, Red, Red Light, Nebula, Surreal, Unreal Angel, Beautiful, Magical, Valkyrie, Intermediate, Magical. Mirror, Glass, Magic Circle, Might and Magic, Fantasy, Mist, Fluorescent, Crystal, Black, Nebula, Surreal, Unreal Engine HD --ar 9:16",,
"Imagine angel, beautiful, magical, goddess Wu, red lotus, adventure, mirror, glass, magic circle, magic circle, fantasy, mist, light, crystal, gold, fire, burning, Red, Red Light, Nebula, Surreal, Unreal Angel, Beautiful, Magical, Valkyrie, Intermediate, Magical. Mirror, Glass, Magic Circle, Might and Magic, Fantasy, Mist, Fluorescent, Crystal, Black, Nebula, Surreal, Unreal Engine HD --ar 9:16",,
"Imagine Angel, Beautiful, Magical, Goddess Wu, Red Lotus, Burning Fire, Red Water Element, Adventure, Mirror, Glass, Magic Array, Magic Array, Fantasy, Fog, Light, Crystal, Gold, Nebula, Surreal, Unreal Angel, Beautiful, Magical, Valkyrie, Medium, Magical. Mirror, Glass, Magic Circle, Magic Gate, Fantasy, Mist, Fluorescent, Crystal, Black, Nebula, Surreal, Unreal Engine, HD --ar 9:16",,
"Imagine angel, beautiful, magical, goddess Wu, adventure, mirror, glass, magic circle, magic circle, fantasy, mist, light, crystal, gold, nebula, surreal, illusory angel, beautiful, magical, goddess Wu, in the middle, magical. Mirror, Glass, Magic Circle, Magic Gate, Fantasy, Mist, Fluorescence, Crystal, Black, Nebula, Surreal, unreal engine，HD --ar 9:16",,
"Imagine angel, beautiful, magical, goddess Wu, adventure, mirror, glass, magic circle, magic circle, fantasy, mist, light, crystal, gold, nebula, surreal, illusory angel, beautiful, magical, goddess Wu, in the middle, magical. Mirror, Glass, Magic Circle, Magic Gate, Fantasy, Mist, Fluorescence, Crystal, Black, Nebula, Surreal, unreal engine，HD --ar 9:16",,
"Imagine angel, beautiful, magical, goddess Wu, adventure, mirror, glass, magic circle, magic circle, fantasy, mist, light, crystal, gold, nebula, surreal, illusory angel, beautiful, magical, goddess Wu, in the middle, magical. Mirror, Glass, Magic Circle, Magic Gate, Fantasy, Mist, Fluorescence, Crystal, Black, Nebula, Surreal, unreal engine，HD --ar 9:16",,
"Imagine an angel, beautiful, magical, adventure, Mirror, glass, magic, magic, magic, Fantasy, Mist, light, Crystal, gold, nebula, surreal, Imaginary Angel, beautiful, magical, Angel, in the middle, amazing. Mirror, glass, Magic Circle, magic door, Fantasy, Mist, fluorescence, Crystal, pink, nebula, surreal, fantasy engine, HD --ar 9:16",,
"Imagine angel, beautiful, magical, goddess Wu, adventure, mirror, glass, magic circle, magic circle, fantasy, mist, light, crystal, gold, nebula, surreal, illusory angel, beautiful, magical, goddess Wu, in the middle, magical. Mirror, Glass, Magic Circle, Magic Gate, Fantasy, Mist, Fluorescence, Crystal, Black, Nebula, Surreal, unreal engine，HD --ar 9:16",,
"imagine angel, beautiful, magical, goddess Wu, white lotus, adventure, mirror, glass, magic circle, magic circle, fantasy, mist, light, crystal, gold, nebula, surreal , Unreal Angel, Beautiful, Magical, Wu Goddess, Middle, Magical. Mirror, Glass, Magic Circle, Might and Magic, Fantasy, Mist, Fluorescent, Crystal, Black, Nebula, Surreal, Unreal Engine HD --ar 9:16",,
"Imagine an angel, beautiful, magical, adventure, Mirror, glass, magic, magic, magic, Fantasy, Mist, light, Crystal, gold, nebula, surreal, Imaginary Angel, beautiful, magical, Angel, in the middle, amazing. Mirror, glass, Magic Circle, magic door, Fantasy, Mist, fluorescence, Crystal, pink, nebula, surreal, fantasy engine, HD --ar 9:16",,
" Imagine an angel, beautiful, magical, adventure, crushed ice, mirror, glass, Magic Circle, Magic Circle, Fantasy, Mist, light, Amethyst, fire, Nebula, surreal, imagine an angel, beautiful, magical, fantasy Angel, in the middle, magical. Mirror, glass, Magic Circle, magic door, Fantasy, Mist, fluorescence, Crystal, black, nebula, surreal, fantasy engine，HD --ar 9:16",,
" Imagine angel, beautiful, magical, goddess Wu, adventure, mirror, glass, magic circle, magic circle, fantasy, mist, light, crystal, gold, nebula, surreal, illusory angel, beautiful, magical, goddess Wu, in the middle, magical. Mirror, Glass, Magic Circle, Magic Gate, Fantasy, Mist, Fluorescence, Crystal, Black, Nebula, Surreal, unreal engine，HD --ar 9:16",,
" Imagine angels, beautiful women, magic, goddess of luck, adventure, glass, diamonds, magic world, fantasy, colorful wings, fog, light, crystal, gold, nebula, surrealism, imagine angels, beauty, magic, goddess of freedom, in the middle, magic. Mirror, glass, golden wings, magic stick, magic corolla, fantasy, fog, diamond, fluorescence, crystal, black, nebula, surreal, virtual engine, 8K, 16K HD, 50 million cameras, super wide angle, overlooking, decorative lines, cloud sea, 3D lighting, sky, dream, fairy tale, author: shallow ink，HD --ar 9:16",,
"Imagine the lotus angel, in the heart of the flower, bit by bit to present it beautiful, magic, witch goddess, adventure, mirror, glass, magic circle, magic circle, fantasy, fog, light, crystal, gold, nebula, surreal, unreal angel, beautiful, magic, witch goddess, middle, magic. Mirrors, glass, magic circles, Might and Magic Doors Fantasy, Mist, Fluorescence, Crystal, Black, Nebula, Surreal, unreal engine，HD --ar 9:16",,
"Through high definition CG, black big lotus in light white fire, Lightning,Light Effects, 8K, Ultra HD, Blizzard style art trends,Luminous fog luminous ，volume lightVolumetric light --ar 9:16",,
"Through high definition CG, golden big lotus in light golden fire, Lightning,Light Effects, 8K, Ultra HD, Blizzard style art trends,Luminous fog luminous ，volume lightVolumetric light --ar 9:16",,
"Through high definition CG, black big lotus in light red fire, Lightning,Light Effects, 8K, Ultra HD, Blizzard style art trends,Luminous fog luminous ，volume lightVolumetric light --ar 9:16",,
"Through high-definition CG, purple lotus, light purple flame, lightning, lighting effect, 8K, ultra-high definition, blizzard style art trend, luminous fog luminescence, volume lightVolumetric light --ar 9:16",,
"A green lotus flame , with a huge green lotus on it , diamond starlight on it , and a huge golden Chinese angel dragon flame propagation lamp below , HD --ar 9:16",,
"Through high-definition CG, black lotus blooms on lightning, golden lightning, light effect, 8K, ultra-high-definition, blizzard-style art trend, luminous fog and luminous volume lighting,Volumetric light --ar 9:16 --test --creative --upbeta",,
"Nature photography, sunrise, lake with water and ice and snow, rocky shoreline with some snow, large pine trees, craggy snow covered mountain range in the distance, photograph, cinematic lighting --ar 2:3 --testp --creative --no signature ",,
"There is a kind of rose, which is light blue. Petals as deep as sea water, crystal clear as dew. There are many green leaves on the flower branches, and many crystal white roses. It can feel the loyalty and purity of love, high-definition, high-quality, realistic photos, high details, 8k. --ar 9:16",,其他颜色玫瑰自己可以改关键词颜色
"The sky is full of orange flaming clouds. The reflection is in the lake. There are trees on both sides of the lake shore. Super wide-angle reflection, reflection, physical light,8k high detail, high-definition pictures --ar 9:16",,
"This is surreal and sophisticated CG rendering. At night, the light blue sky is covered with the great waterfall on the golden river, purple heart-shaped crystal, luminous path, rose moon, starlight, art, HD, starry sky, many small and colorful luminous particles, composed of the Milky way, the north pole, tundra and iceberg, fantasy, high detail, beauty, 8K, octane lamp and shadow, complex detail, ultra wide angle, panoramic shooting, 8K. High definition. Landscape photography by Marc ADAMUS, real photo volume light, 8Kv volume light HD, --ar 9:16",,
"At night, a fantastic rainbow covers the beach, on the beach there are many colorful roses and glowing crystal pebbles, fantasy, cinematic epic effects, refinement,ultra-wide field of view, CG rendering, detail, HD, realism, 3D, ultra-detail, realism, 8K, masterpiece, functional art,ultra-wide angle --ar 9:16",,
"Through high definition CG, Lycoris recoil, Japanese animation, multiple exposure, Starscream Chrysanthemum,Ultra HD, petal crystal clear, dewdrop crystal clear , hyper-detail, long exposure, dramatic light, 8K ,HD --ar 9:16",,
"This is a surreal and complex CG rendering. At night, the light blue sky as transparent as a mirror, crescent water, moonlight, starlight, trees, shining Milky Way, art, HD, starry sky, glaciers, many huge blue rose glacier, surreal blue rose, and many small and colorful luminous particles, dream, HD complex details, beauty, 4K, aurora, octane light and shadows, complex details, ultra wide angle, panoramic photography. Virtual engine, volume lights, reflected light, light effects.three-dimensional.16KHD --ar 9:16",,
"There is a kind of rose. It is yellow. The petals are as deep as sea water and crystal clear as dew. There are many green leaves on the flower branches, as well as many crystal clear white roses. It can feel the loyalty and purity of love, high-definition, high-quality, realistic photos, high details, HD --ar 9:16",,
"a lake at night surrounded by the woods, galaxies in the sky reflecting in the water, unreal engine, ultra realistic, intricately detailed, colorful --ar 9:16",,
"This beautiful tree branch , mild fog, with white and fuchsia flowers, plum blossoms, mountain valley,high definition, dream fairy kingdom HD --ar 9:16",,
"The red sky is like a flame with a huge shape of love. Golden rose, sparkling lake stars, sparkling, true HD, super wide-angle panorama, super HD, 8k lifelike, high pixel, cracked, Mark Addums landscape photography,HD --ar 9:16",,
"T color aurora in white snow,cars,trains,pelple,houses,villages,stalls,snow mountains,rivers and snowstorms,fireworks in the world,colouful stars twinking,illusory engines,4khigh-definition.8K,HD --ar 9:16",,
"This is a beautiful picture, depicting a tourist attraction, a white snow mountain, tourists, a light green subway, a 4K medium shot, and bright stars as charming as diamonds. The beautiful ski resort is covered with snow. Bright, lively, noisy, bright, starlight flash, 18K dream engine, HD wallpaper, new chapter rendering, night and night HD, HD hard disk ，HD --ar 9:16",,
"Rose red shore flower,Lycoris recoil, Japanese animation, multiple exposure, Starscream 8k --ar 9:16",,
"Golden dream starry sky, ice lake, real shot, crack,real, realistic, 8K, ultra wide angle, panorama, 3D,Ultra HD, high pixel,HD --ar 9:16",,
"At night, starlight shines in lake,Blue sky like angel wings, lake, real high-definition, super wide angle panorama, super high-definition, 8k lifelike, high pixel, crack,landscape photography by Marc Adamus,HD --ar 9:16",,
"This is a surreal and complex CG rendering. At night, the light blue sky as transparent as a mirror, crescent water, moonlight, starlight, trees, shining Milky Way, art, HD, starry sky, glaciers, many huge blue rose glacier, surreal blue rose, and many small and colorful luminous particles, dream, HD complex details, beauty, 4K, aurora, octane light and shadows, complex details, ultra wide angle, panoramic photography. Virtual engine, volume lights, reflected light, light effects.three-dimensional.16KHD --ar 9:16",,
"The sky, Uyuni salt marsh, and the wonders of salt tundra，light, super healing, ultra-high definition, 8k, panorama, super wide angle, live shot, real, realistic, high pixel, very beautiful, super detail, rendering, senior master filter,Thomas KincaidIvan EvazovskyAn epic CGlandscape photography by Marc AdamusHD",,
"At night, there are many shooting stars reflected in the sky on the heart-shaped ice lake, rainbow, blue, laser wings, floating luminous particles, aurora, fairy light,body light,body light,luminous creatures, stellar luminous particles, soft light, surreal, modern style, art, dream engine, ultra wide angle perspective,hin renderingHD --ar 9:16",,
"There is an ice rose, which is orange. The petals are as deep as sea water, crystal clear, crystal clear as dew. There are many green leaves on the flower branches, as well as many translucent orange roses. It can feel the loyalty and purity of love, high-definition, high-quality, realistic photos, high details, 8k, super details，HD --ar 9:16",,
"At night, the beautiful valley, the Milky Way, the moon, the golden rose streaming with stars, stars, luminous particles, meteors, magical clouds, mysterious dreams, stars falling, soft light, real picture, lucky digital rendering HD --ar            9:16",,
"Frozen, Frozen Princess back, Mirror like lake surface，crescent moon rendering, transparent moon rendering, mirror effect, high fidelity, light tone, romantic atmosphere, moon mirror rendering, Dawn in the flower sky, lighting, moon, 4K, --ar 9:16",,
"A real rose with green leaves on the branch, velvety black rose, velvety black rose with black crystal dew, light black blurred background and clear layers, octane rendering, Pixar movie 3D animation, 8k, volumetric light --ar 9:16",,
"Lycoris, Japanese animation, Multiple exposure, Blue Spider Chrysanthemum, Tokyo Forest, Ultra detail, Long exposure, Dramatic light, 8K, HD-HD --ar 9:16",,
"A ultra-realistic CG rendering of Ancient China,超高清，超现实，There is a stream, jiangnan ancient buildings on besides of thet streamin the evening,Maple with milky leaves treesnow scene, a moon in the sky,HD --ar 9:16",,
"At night, the Milky Way, starlight, and silvery new moon are sprinkled on the beach along with the Milky Way starlight. On the beach, there are pink roses, many luminous creatures, coconut trees, and the beach is the shape of love, pebbles, luminous creatures, fluorescence, gold, color, dream, super wide-angle light, unreal engine, 4K HD,HD --ar 9:16",,
"An epic CG matte painting with two wishing people, sitting on a hillside, green grass, on a summer night with light blue stars, fireflies, it was painted by fashion art station Evgeny Lushpin, very detailed, depicting details, dream, 128k resolution --ar 9:16",,
"Lycoris recoil, Japanese animation, multiple exposure, Green petals， Chrysanthemum, Tokyo Forest, hyper-detail, long exposure, dramatic light, 8K ,HD --ar 9:16",,
"HOne kind of flower is purple. Its petals are as deep as the sea, and its heart is like dew. There are many green leaves on the branches, and many sparkling Purple Button bell orchids. Compared with love, you can feel its loyalty and purity.D --ar 9:16",,
"The picture is transparent. A huge silver-white crescent moon is scattered on the beach. The Milky Way shines with many purple-blue roses. There are many purple-blue rose flowers on the beach, fantasy, highly detailed, beautiful, 8k, octane rendering, real photos, complex details, ultra-wide viewing angle, panoramic shooting, and several purple-blue roses in the foreground. Duo HD --ar 9:16",,
"This is a beautiful picture. There are many huge blue roses floating in the deep sea, moonlight, magical clouds, several pirate ships, Klein blue dream rendering, surreal, surreal, super dream, high definition, beautiful ethereal wonderland high definition --ar  9:16",,
"Blue Dream Starry Sky, Ice Lake, Real Shooting, There is a huge love shape on the ice lake, real, realistic, 8K, ultra-wide angle, panoramic, 3D, ultra HD, high pixels,  HD --ar 9:16",,
"This beautiful branch, mist, white and red flowers, plum blossom笔触,花朵高清，超高清，花瓣，在空中飞舞，海天一色 plum blossom branch, HD, dream, HD --ar 9:16",,
"Upscaling image #4 with Super wide angle view,在云上的桥,樱花,月亮,叶子，4k  --ar 9:16 ",,
"At night sky, the beach is covered with blue and green fluorescence, the huge moon, elf light, stars, facula,coconut tree， the sea with fluorescence, the shining golden beach, the starry sky with moonlight, Michael james Smith's matte painting, golden，reflection, cg rendering, volume light, space art, bioluminescence, unreal engine 5, magic of light, unreal engine rendering, super wide angle, super wide angle, high definition. --ar 9:16 ",,
"Blue ocean, blue starry sky at night, stars twinkling in the sky, white sand beach in Maldives, many pink roses of different sizes on the beach, blue roses, many tiny and colorful luminous particles illuminate the Milky Way, the Arctic, the tundra and icebergs, fantasy, high detail, beauty, 8K, octane shadow, complex details, close-up, close-up、 8k、HD  --ar  9:16  --q 2 ",,
"This is surreal and exquisite CG rendering. At night, the pale blue sky, glaciers covering the beach, purple heart-shaped stones, glowing paths, roses, the moon, starlight, art, high definition, starry sky, many tiny and colorful luminous particles, illuminated by the Milky Way, the Arctic, tundra and icebergs, fantasy, high details, beauty, 8K, octane light and shadow, complicated details, super wide angle, panoramic shooting, 8k. High definition.Volumetric light --ar 9:16 --upbeta  ",,
"This is a surreal and exquisite CG rendering. Night, the light blue of the sky, covering the beach glaciers, purple crystal heart stone, light path, feathers, moon, stars, art, high resolution, the starry sky, many small colorful light particles, is the Milky Way, the arctic, tundra and tip to illuminate, fantasy, high detail, beautiful, 8 k, tane light shadow, complex details of ultra wide Angle, panoramic camera, 8 k. High definition,HD --ar 9:16",,
"concept design, a white death rite bird with magic ghost flames in a colossal scale flying above Styx River under portal to galaxy with clear water reflections under night sky + aerial view of Roman relics and gothic cathedrals under light clouds, dynamix water waves, magic mist and haze over the river, hypermaximalist, soft lighting, low contrast + low exposure, elden ring + final fantasy, concept art, matte painting by James jean, Brian froud + ross tran + peter mohrbacher + alphonse mucha + john William Waterhouse, surreal, Greek Mythos, ethereal+ hyper realistic + epic + magic, 4k octane render, unreal engine, golden ratio, 12k, artstation trending, --ar 9:16 --test --upbeta",,
"winter fire and outdoors view of lakes and islands in snow, lean-to with a campfire and people —ar 2:3  --upbeta        --test --upbeta",,
"Lakes surrounded by woods at night, galaxies in the sky reflected in the water, golden clouds, golden sunset, illusory engines, ultra-realistic, intricate details and rich color dreams, sky covered with golden clouds, super wide-angle light, illusory engines, big moon, dreams, super wide-angle light, illusory engines, dreamy, super wide-angle light , Unreal Engine, 4K HD, , HD. --ar 9:16 --v 3",,
"Crossing HD CG, Purple Butterfly in Fire, Self-luminous Pink Broken Rose Cloud, Blue Sky Lightning, Light Effect, 8K, Ultra HD, Blizzard-style Art Trend, Luminous Fog Luminous Light, HD --ar 8:16 --testp --upbeta",,
"Silver starry sky, lake water, calm, sunset afterglow, colorful clouds, real shot, real, realistic, 8K, super wide angle, view, 3D, ultra high definition, high pixel,HD --ar 9:16",,
"This is a surreal and complex CG rendering. At night, the light blue sky as transparent as a mirror, crescent water, moonlight, starlight, trees, shining Milky Way, art, HD, starry sky, glaciers, many huge blue rose glacier, surreal blue rose, and many small and colorful luminous particles, dream, HD complex details, beauty, 4K, aurora, octane light and shadows, complex details, ultra wide angle, panoramic photography. Virtual engine, volume lights, reflected light, light effects.three-dimensional.16KHD --ar 9:16",,
"a lake at night surrounded by the woods, galaxies in the sky reflecting in the water, unreal engine, ultra realistic, intricately detailed, colorful --ar 9:16 ",,
"The picture is transparent, a large silvery white crescent is sprinkled on the sand accompanied by the Milky Way stars, there are many pink and blue roses floating on the sand, pink and blue roses floating on the sea, a beach in the shape of a heart, glowing creatures, Silver, Unreal Engine, Ultra Wide, 4K HD, HD. --ar 9:16 ",,
"Night, the Milky Way, starlight, the silvery white crescent moon is accompanied by the Milky Way starlight sprinkled on the beach, there are many glowing creatures in the beach, the beach is the shape of love, pebbles, glowing creatures, fluorescent, golden, color, dreamy, super wide-angle light , Unreal Engine, 4K HD, , HD. --ar 9:16 ",,
